article_id,article_version,icd10_pcs_code_group,paragraph,last_updated
52369,17,1,,2025-12-22 15:54:37.577000
52370,135,1,,2026-07-31 17:44:07.443000
52379,10,1,,2023-11-17 21:59:58.697000
52399,75,1,,2026-07-07 14:19:53.103000
52420,64,1,,2025-12-22 14:16:58.850000
52421,23,1,,2023-09-22 19:00:52.670000
52423,84,1,,2024-09-19 20:53:55.300000
52430,12,1,,2025-11-26 22:23:51.173000
52432,14,1,,2023-11-07 17:38:39.930000
52434,51,1,,2024-09-20 16:59:11.213000
52435,14,1,,2025-11-26 22:25:16.870000
52437,17,1,,2025-11-26 22:26:52.123000
52438,22,1,,2025-09-18 20:45:45.450000
52447,30,1,,2021-09-24 13:06:32.717000
52448,24,1,,2025-09-17 14:20:33.127000
52450,83,1,,2026-06-12 01:18:49.310000
52451,89,1,,2026-07-24 15:36:33.937000
52453,49,1,,2025-09-17 14:17:07.557000
52457,65,1,,2026-04-03 00:25:33.120000
52458,40,1,,2026-04-15 12:41:36.800000
52459,23,1,,2022-04-07 21:36:30.263000
52460,16,1,,2022-04-07 21:37:19.490000
52461,21,1,,2022-04-07 21:38:51.543000
52462,32,1,,2025-09-11 13:46:37.780000
52463,32,1,,2025-09-11 13:48:26.523000
52464,65,1,,2026-04-15 12:46:45.540000
52465,72,1,,2026-04-01 18:31:26.293000
52466,87,1,,2026-06-10 15:25:06.770000
52467,54,1,,2024-05-08 15:56:44.053000
52468,22,1,,2022-04-07 21:44:53.100000
52469,28,1,,2024-10-09 18:19:01.037000
52470,19,1,,2026-07-27 18:03:29.263000
52474,40,1,,2025-09-12 13:35:43.420000
52476,27,1,,2022-04-07 14:02:30.073000
52477,16,1,,2022-04-07 14:09:34.527000
52478,26,1,,2025-10-03 15:02:26.373000
52479,73,1,,2025-12-31 13:50:40.557000
52480,90,1,,2025-12-31 14:02:27.020000
52481,30,1,,2025-03-27 12:56:19.390000
52487,33,1,,2025-04-03 16:17:00.700000
52489,24,1,,2022-04-07 14:19:18.930000
52490,27,1,,2022-04-07 14:19:58.920000
52492,22,1,,2026-05-05 16:08:57.407000
52494,63,1,,2025-09-11 14:03:16.020000
52495,18,1,,2022-04-07 16:51:16.767000
52496,64,1,,2026-06-11 15:17:17.280000
52497,35,1,,2024-06-05 19:22:53.557000
52498,64,1,,2026-04-03 00:26:19.673000
52499,23,1,,2022-05-18 17:35:40.460000
52500,46,1,,2026-04-03 00:26:44.603000
52501,47,1,,2024-11-26 12:52:37.440000
52502,20,1,,2022-04-07 16:49:20.460000
52503,26,1,,2025-10-23 17:00:08.407000
52504,61,1,,2026-04-03 00:27:07.037000
52505,80,1,,2026-05-21 16:54:43.133000
52507,156,1,,2026-01-27 18:51:06.230000
52508,39,1,,2022-04-07 12:33:09.500000
52509,73,1,,2026-06-19 14:05:58.767000
52510,61,1,,2025-09-12 13:51:39.180000
52511,28,1,,2022-04-07 12:40:02.113000
52512,46,1,,2024-05-09 18:55:43.140000
52513,50,1,,2026-07-02 18:30:37.290000
52514,61,1,,2024-05-09 18:59:28.450000
52516,26,1,,2023-09-20 13:41:37.450000
52517,50,1,,2025-10-03 14:40:04.797000
52518,36,1,,2023-05-11 16:30:31.930000
52519,39,1,,2024-05-09 18:57:25.680000
52520,31,1,,2022-11-11 14:43:17.457000
52521,55,1,,2026-04-02 16:24:24.040000
52527,90,1,,2026-04-24 12:57:21.360000
52535,14,1,,2026-07-27 18:01:49.990000
52537,11,1,,2023-12-29 17:39:23.187000
52571,143,1,,2026-07-10 13:46:46.883000
52711,22,1,,2022-04-07 21:46:31.157000
52712,25,1,,2022-04-07 21:47:16.273000
52713,18,1,,2022-04-07 14:00:02.553000
52800,98,1,,2026-07-10 12:17:53.920000
52825,12,1,,2024-01-16 14:52:38.163000
52837,21,1,,2024-12-19 15:52:55.473000
52842,18,1,,2023-11-17 21:52:18.347000
52845,8,1,,2023-10-06 15:24:41.657000
52849,36,1,,2023-12-21 15:24:40.867000
52850,56,1,,2025-12-22 18:44:57.070000
52855,31,1,,2024-01-04 13:46:54.110000
52863,59,1,,2025-12-22 15:48:34.390000
52866,35,1,,2024-12-19 16:04:28.477000
52868,46,1,,2024-12-19 12:58:08.193000
52870,38,1,,2024-12-19 13:27:21.787000
52917,4,1,,2023-11-22 16:25:23.600000
52918,5,1,,2023-11-22 18:30:28.613000
52986,242,1,,2025-04-25 17:28:18.157000
52992,30,1,,2025-04-11 13:01:11.590000
52993,54,1,<p>N/A</p>,2024-10-18 13:42:55.790000
52996,31,1,,2025-09-26 13:52:29.950000
52998,50,1,,2026-01-23 14:04:07.343000
53001,45,1,,2026-01-23 14:04:57.357000
53008,56,1,,2025-09-23 18:03:56.840000
53018,14,1,,2023-11-20 14:38:49.333000
53019,15,1,,2025-07-15 16:38:48.053000
53021,141,1,,2026-07-10 18:50:56.667000
53024,22,1,,2024-03-13 14:59:57.890000
53026,65,1,,2025-12-22 16:12:03.700000
53032,145,1,,2026-07-08 13:31:30.767000
53033,141,1,,2026-07-08 13:35:48.717000
53043,16,1,,2026-06-19 12:08:46.060000
53047,17,1,,2021-12-29 16:33:30.130000
53052,48,1,,2025-08-19 18:16:46.940000
53053,14,1,,2022-05-12 13:18:15.260000
53056,15,1,,2024-11-27 17:20:58.910000
53057,67,1,,2026-02-04 14:15:19.777000
53058,65,1,,2026-02-04 14:13:53.680000
53060,48,1,,2025-08-14 12:47:20.913000
53064,87,1,,2026-02-04 14:07:36.727000
53065,76,1,,2026-02-04 14:10:39.813000
53066,99,1,,2026-07-09 15:36:16.560000
53084,28,1,,2023-11-14 16:35:25.503000
53095,28,1,,2024-09-05 14:24:29.030000
53101,46,1,,2024-08-29 13:10:24.493000
53104,32,1,,2022-01-18 13:18:14.220000
53127,193,1,,2026-07-10 13:46:05.587000
53134,84,1,,2023-11-22 12:43:03.747000
53296,23,1,,2025-10-06 12:11:07.350000
53304,16,1,,2023-11-14 16:25:55.627000
53322,16,1,,2023-11-16 19:22:42.953000
53352,13,1,,2023-11-14 16:30:14.253000
53356,14,1,,2023-11-16 19:28:44.473000
53359,40,1,,2026-06-17 15:00:09.137000
53387,35,1,,2026-06-26 12:42:12.330000
53435,11,1,,2023-01-11 18:34:32.500000
53444,14,1,,2023-01-10 20:56:52.953000
53484,18,1,,2026-05-04 13:10:02.703000
53495,11,1,,2024-11-12 14:59:57.413000
53497,15,1,,2023-01-11 13:47:04.500000
53531,22,1,,2024-09-09 13:22:00.840000
53558,29,1,,2022-01-18 12:58:03.973000
53605,21,1,,2021-07-08 12:10:04.623000
53773,20,1,,2024-01-12 15:56:27.980000
53775,34,1,,2025-01-07 15:40:50.573000
53781,17,1,,2024-01-11 16:38:49.787000
53793,38,1,,2026-01-27 16:36:00.217000
53883,26,1,,2024-03-01 14:33:37.503000
53893,11,1,,2025-09-11 23:12:00.227000
53916,12,1,,2023-11-08 18:55:41.147000
53931,6,1,,2024-11-07 19:04:06.843000
53972,10,1,,2023-11-08 19:00:24.170000
53986,18,1,,2024-12-04 18:18:01.283000
53988,20,1,,2024-12-04 17:54:48.153000
54018,33,1,,2023-07-21 17:08:27.567000
54021,26,1,,2024-05-24 15:25:57.877000
54061,23,1,,2025-12-22 15:12:01.600000
54095,68,1,,2025-09-26 17:04:56.287000
54111,50,1,,2025-09-26 17:14:53.837000
54117,88,1,,2026-01-23 13:39:50.980000
54188,33,1,,2024-08-28 20:13:46.587000
54191,27,1,,2023-11-08 18:44:30.040000
54192,22,1,,2024-05-29 21:01:59.010000
54194,23,1,,2023-11-14 18:27:57.620000
54195,22,1,,2023-11-15 12:11:05.687000
54196,20,1,,2023-11-15 12:12:26.513000
54257,14,1,,2023-11-08 16:53:27.500000
54269,14,1,,2023-11-14 18:04:43.317000
54270,16,1,,2023-11-14 18:06:31.857000
54283,15,1,,2023-11-15 12:26:18.487000
54295,27,1,,2023-11-10 16:31:05.127000
54300,16,1,,2023-11-07 15:46:52.153000
54327,7,1,,2023-11-07 15:11:38.770000
54338,55,1,,2025-08-29 17:41:30.190000
54386,38,1,<p>N/A</p>,2024-08-29 12:08:32.907000
54418,28,1,<p>N/A</p>,2023-11-22 15:31:11.230000
54422,21,1,<p>N/A</p>,2024-05-24 11:58:39.250000
54445,27,1,<p>N/A</p>,2023-11-22 16:55:45.027000
54472,30,1,,2023-02-20 19:12:21.977000
54480,16,1,,2025-09-22 13:50:29.260000
54484,13,1,,2025-09-18 20:04:08.467000
54498,24,1,<p>N/A</p>,2023-11-22 15:32:47.737000
54516,48,1,,2026-04-08 14:06:15.063000
54543,21,1,,2025-09-22 11:56:22.920000
54548,36,1,,2025-09-17 14:15:48.320000
54555,18,1,,2024-01-12 16:25:49.560000
54559,12,1,,2021-08-30 15:52:16.347000
54563,54,1,,2024-11-25 13:05:37.657000
54602,25,1,,2025-12-22 16:31:51.870000
54610,3,1,,2023-11-07 12:31:09.633000
54611,5,1,,2023-11-07 12:27:57.420000
54612,4,1,,2023-11-15 17:57:45.830000
54613,3,1,,2023-11-07 12:27:00.820000
54635,31,1,,2023-11-08 19:11:27.427000
54641,13,1,,2023-11-17 12:43:00.367000
54643,13,1,,2023-11-17 12:44:31.623000
54660,14,1,,2023-11-17 12:42:28.030000
54682,34,1,,2024-01-25 15:14:26.247000
54685,17,1,,2023-11-08 15:22:47.923000
54686,22,1,,2024-09-14 23:02:26.880000
54688,23,1,,2023-11-08 18:48:22.273000
54689,32,1,,2023-11-07 18:21:11.073000
54767,71,1,,2026-05-01 12:54:23.607000
54768,38,1,,2025-08-14 14:11:36.627000
54769,27,1,,2022-01-18 13:00:18.330000
54795,42,1,<p>N/A</p>,2024-03-15 10:14:22.883000
54799,67,1,,2026-05-01 12:53:41.910000
54830,9,1,,2024-04-05 20:59:32.543000
54831,28,1,,2023-08-24 15:36:23.583000
54832,14,1,,2024-03-28 13:08:54.873000
54880,10,1,,2025-06-05 17:08:18.787000
54901,27,1,,2024-03-15 17:01:26.100000
54909,25,1,,2023-09-22 19:02:46.940000
54919,22,1,,2025-06-23 20:12:18.457000
54923,45,1,,2026-01-22 14:31:43.340000
54926,25,1,,2025-05-09 14:50:07.673000
54929,40,1,,2025-09-18 16:52:51.320000
54953,70,1,,2026-02-20 13:00:23.130000
54954,28,1,,2023-01-20 14:21:01.950000
54958,28,1,,2025-12-24 18:28:57.357000
54961,21,1,,2026-04-02 15:20:29.757000
54969,52,1,,2025-09-22 11:54:20.783000
54975,17,1,<p>N/A</p>,2023-11-22 15:12:08.723000
54982,28,1,,2025-05-09 14:48:53.240000
55001,69,1,<p>N/A</p>,2026-04-30 16:07:55.720000
55028,45,1,<p>NA</p>,2025-10-08 13:33:18.250000
55044,18,1,,2023-11-22 19:02:01.370000
55056,14,1,,2023-11-17 12:43:34.087000
55058,7,1,,2023-11-16 19:29:34.077000
55061,13,1,,2026-06-16 19:35:52.507000
55069,26,1,,2025-08-14 17:49:02.470000
55115,18,1,<p>N/A</p>,2026-05-05 18:56:37.197000
55136,19,1,,2024-01-24 13:36:42.907000
55146,17,1,,2026-04-21 17:09:34.400000
55147,30,1,,2024-09-17 12:22:14.093000
55161,23,1,,2023-08-23 17:01:05.517000
55162,20,1,,2026-07-24 11:52:37.973000
55169,15,1,,2025-10-22 15:38:30.760000
55175,25,1,,2025-12-23 19:00:35.997000
55193,15,1,,2026-04-20 12:22:57.100000
55197,35,1,,2026-02-20 13:10:20.513000
55200,37,1,,2025-12-23 17:38:53.770000
55206,18,1,,2023-11-20 17:27:56.733000
55210,15,1,,2026-01-22 14:36:51.733000
55215,9,1,,2023-11-16 19:23:06.713000
55224,37,1,,2026-06-18 12:38:09.197000
55227,19,1,,2025-08-14 17:32:58.583000
55229,46,1,,2026-01-23 14:05:44.040000
55230,18,1,,2025-12-23 17:56:22.913000
55231,17,1,,2026-01-22 14:47:58.773000
55233,21,1,,2024-09-17 14:09:15.763000
55235,15,1,,2023-07-19 14:22:47.770000
55239,65,1,<p>N/A</p>,2026-06-24 20:03:12.810000
55264,14,1,<p>N/A</p>,2023-11-22 16:47:04.123000
55294,34,1,<p>N/A</p>,2025-08-29 14:09:45.287000
55310,12,1,,2025-08-28 12:06:50.787000
55315,17,1,,2025-09-26 22:10:37.770000
55326,40,1,,2023-11-16 19:26:40.470000
55336,49,1,,2025-08-21 12:24:21.757000
55354,35,1,,2023-06-05 13:31:53.543000
55426,132,1,,2026-06-24 19:02:21.373000
55478,12,1,,2023-11-08 19:17:03.297000
55503,5,1,,2023-11-22 16:23:07.637000
55505,5,1,,2023-11-22 16:22:29.047000
55530,35,1,,2025-06-20 20:58:13.200000
55584,19,1,,2023-11-08 19:11:50.353000
55595,17,1,<p>N/A</p>,2024-09-09 15:11:52.277000
55596,13,1,<p>N/A</p>,2023-11-22 18:55:46.797000
55597,24,1,<p>N/A</p>,2023-11-22 18:26:57.383000
55621,17,1,,2026-04-21 17:41:21.317000
55623,16,1,<p>N/A</p>,2023-11-22 18:53:25.267000
55624,34,1,<p>N/A</p>,2024-03-15 16:08:50.830000
55639,51,1,,2025-11-18 20:23:25.040000
55672,26,1,,2023-11-20 14:31:32.263000
55675,25,1,,2023-11-16 19:14:19.883000
55695,21,1,,2023-05-23 12:49:05.620000
55703,27,1,,2026-06-18 15:02:38.750000
55709,11,1,,2024-04-16 15:08:02.710000
55710,16,1,,2025-12-23 18:12:33.210000
55711,24,1,<p>N/A</p>,2025-09-18 19:52:22.377000
55715,12,1,,2025-01-31 19:32:23.040000
55716,11,1,,2023-11-08 15:14:20.603000
55717,26,1,,2025-08-18 16:43:49.863000
55719,15,1,,2023-11-16 19:28:20.057000
55723,44,1,,2023-01-20 12:02:28.333000
55738,17,1,,2023-06-22 12:58:52.287000
55754,22,1,,2023-11-14 16:22:56.440000
55769,14,1,,2023-11-22 16:09:29.337000
55774,13,1,,2025-06-20 18:55:24.617000
55818,26,1,,2026-01-23 14:13:19.557000
55835,16,1,,2026-02-27 17:31:04.700000
55909,46,1,,2025-11-18 19:04:13.430000
55913,9,1,,2024-12-17 15:26:40.687000
55937,46,1,,2026-04-02 15:10:23.640000
55951,21,1,,2026-06-18 12:51:56.757000
55958,6,1,,2024-02-28 15:20:28.157000
56006,19,1,,2023-12-21 20:09:49.680000
56025,16,1,,2023-11-08 18:56:50.890000
56027,14,1,,2025-12-23 00:21:15.383000
56034,42,1,,2026-03-04 15:55:08.790000
56065,23,1,,2022-11-15 01:52:20.063000
56071,23,1,,2024-12-23 12:02:30.877000
56072,13,1,,2024-01-23 18:41:24.430000
56083,14,1,,2026-07-27 17:58:49.150000
56103,14,1,,2024-01-23 13:23:59.690000
56106,14,1,,2024-01-30 20:17:52.863000
56112,6,1,,2023-11-14 16:42:55.747000
56152,35,1,,2025-09-18 16:59:29.390000
56157,19,1,,2026-06-18 15:44:55.773000
56159,23,1,,2026-02-27 19:04:10.650000
56175,15,1,,2026-02-27 17:35:02.250000
56178,21,1,,2023-11-20 14:25:43.650000
56198,11,1,,2023-11-18 23:18:42.347000
56199,130,1,,2026-05-21 17:22:25.937000
56232,34,1,,2025-09-17 16:31:14.307000
56273,28,1,,2025-08-22 18:58:45.810000
56287,18,1,,2024-05-31 13:37:46.997000
56289,14,1,,2026-02-19 15:38:53.433000
56333,11,1,,2023-07-19 14:40:42.810000
56335,14,1,,2025-04-25 18:44:23.663000
56346,27,1,,2026-06-12 13:29:01.730000
56380,56,1,,2025-08-26 12:15:01.267000
56389,36,1,,2025-08-21 14:33:52.983000
56390,11,1,,2023-01-10 14:47:11.913000
56391,37,1,,2025-12-24 19:58:22.120000
56394,32,1,,2026-07-16 17:21:40.590000
56395,18,1,,2026-06-16 15:07:49.843000
56396,11,1,,2023-01-17 15:54:04.963000
56414,41,1,,2025-09-26 13:53:43.590000
56416,42,1,,2025-09-26 13:54:34.290000
56419,20,1,,2023-04-10 13:11:15.753000
56420,16,1,,2023-01-20 12:04:01.660000
56421,40,1,,2025-11-10 12:56:31.900000
56422,50,1,,2026-01-23 14:06:35.097000
56423,59,1,,2026-01-23 14:07:25.730000
56425,16,1,,2025-11-26 22:39:00.907000
56432,25,1,,2026-02-04 14:06:26.740000
56439,18,1,,2025-10-31 20:58:09.363000
56448,22,1,,2025-11-26 22:37:21.043000
56451,26,1,,2025-09-30 23:46:17.310000
56453,12,1,,2025-09-18 20:06:24.220000
56454,12,1,,2026-02-23 17:34:52.833000
56455,12,1,,2026-02-20 22:00:55.330000
56456,32,1,,2026-02-20 19:56:11.580000
56457,15,1,,2026-02-20 19:22:54.890000
56459,30,1,,2026-04-10 11:43:42.437000
56460,14,1,,2026-02-20 19:46:02.047000
56461,26,1,,2026-02-27 14:26:45.927000
56462,32,1,,2026-02-27 16:11:08.570000
56464,35,1,,2026-02-27 18:26:55.930000
56465,16,1,,2026-03-25 18:17:46.847000
56467,14,1,,2026-03-25 20:03:04.523000
56471,18,1,,2026-02-20 21:43:00.567000
56476,35,1,,2025-08-14 14:47:40.507000
56491,25,1,,2025-03-18 16:49:18.987000
56493,13,1,,2025-10-31 20:50:57.690000
56494,17,1,,2026-02-20 21:50:05.860000
56500,39,1,,2025-10-31 21:03:26.793000
56502,8,1,,2023-11-20 14:21:05.550000
56503,12,1,,2024-12-17 16:47:50.037000
56505,41,1,,2026-02-20 14:54:46.570000
56514,25,1,,2025-03-24 15:55:10.423000
56531,19,1,,2024-08-12 18:11:49.910000
56537,41,1,,2025-09-15 17:47:48.783000
56538,27,1,,2025-09-26 13:55:14.553000
56541,40,1,,2024-01-19 13:04:01.883000
56542,18,1,,2025-09-26 17:08:21.060000
56544,28,1,,2025-09-15 17:40:08.840000
56545,14,1,,2024-11-13 14:10:50.203000
56548,20,1,,2025-09-15 17:41:12.500000
56551,34,1,,2025-09-15 17:52:45.740000
56558,86,1,,2025-11-26 13:34:39.110000
56559,26,1,,2025-08-13 21:55:28.303000
56562,33,1,,2024-08-08 18:59:20.140000
56566,46,1,,2026-02-13 13:55:50.437000
56572,22,1,,2024-06-04 13:39:36.803000
56580,30,1,,2025-08-14 18:31:24.157000
56584,14,1,,2023-07-06 14:41:37.017000
56587,48,1,,2026-02-06 13:52:17.880000
56588,33,1,,2026-06-11 20:22:41.027000
56594,14,1,,2026-03-16 18:22:37.760000
56602,39,1,,2025-01-24 13:51:56.547000
56605,22,1,,2025-12-22 15:47:49.240000
56607,19,1,,2025-08-21 14:15:21.243000
56609,18,1,,2024-02-13 22:15:19.593000
56610,13,1,,2023-11-06 15:53:06.327000
56611,15,1,,2025-08-14 16:11:19.977000
56612,35,1,,2026-07-17 12:41:24.047000
56613,17,1,,2025-08-14 16:13:19.443000
56614,23,1,,2025-04-09 14:26:15.103000
56615,36,1,,2025-09-26 13:56:52.040000
56616,11,1,,2024-12-13 15:16:30.810000
56617,26,1,,2023-12-19 12:47:27.640000
56619,33,1,,2025-08-20 14:53:39.653000
56621,26,1,,2025-08-14 12:30:34.840000
56625,36,1,,2025-08-19 15:00:56.533000
56631,19,1,,2023-10-20 11:53:02.133000
56632,31,1,,2025-08-14 17:16:05.260000
56633,47,1,,2023-11-09 23:50:23.170000
56636,20,1,,2025-10-22 18:51:30.480000
56638,37,1,,2025-07-09 18:47:28.187000
56639,20,1,,2025-08-14 13:23:36.937000
56641,18,1,,2025-08-14 13:58:38.323000
56642,47,1,,2025-07-09 18:46:28.797000
56644,29,1,,2025-09-26 14:04:44.470000
56645,48,1,,2024-10-18 13:49:41.547000
56647,32,1,,2023-11-09 23:51:50
56648,19,1,,2023-10-19 18:16:12.107000
56651,36,1,,2023-11-09 11:41:10.703000
56653,15,1,,2024-05-31 13:36:54.807000
56658,42,1,,2026-01-27 16:16:05.803000
56666,19,1,,2023-01-20 12:03:14.297000
56669,16,1,,2024-07-23 15:40:32
56670,61,1,,2026-04-02 15:32:48.003000
56672,16,1,,2024-10-18 12:45:49.793000
56673,14,1,,2024-12-13 15:17:19.290000
56674,11,1,,2025-04-09 14:28:58.433000
56675,25,1,,2024-09-05 14:29:00.783000
56679,9,1,,2024-08-22 14:02:02
56680,44,1,,2025-10-24 13:18:49.620000
56681,34,1,,2023-11-09 11:38:02.863000
56682,49,1,,2025-10-03 12:28:16.163000
56684,17,1,,2025-09-12 14:35:09.823000
56685,17,1,,2024-08-26 14:04:31.797000
56686,16,1,,2024-12-17 17:34:19.747000
56691,28,1,,2025-08-14 13:49:01.397000
56692,19,1,,2026-07-27 17:39:27.530000
56695,24,1,,2025-08-25 13:18:59.297000
56696,43,1,,2026-03-05 12:45:15.113000
56697,44,1,,2025-10-31 21:11:16.607000
56703,17,1,,2024-06-24 12:34:08.030000
56704,10,1,,2022-03-04 13:36:36.370000
56717,35,1,,2026-02-04 14:11:07.547000
56718,39,1,,2026-06-26 12:40:37.180000
56722,23,1,,2025-09-26 17:44:06.770000
56726,43,1,,2025-09-16 20:15:36.130000
56727,21,1,,2025-08-18 15:58:46.767000
56729,21,1,,2025-08-25 14:13:16.373000
56730,27,1,,2026-02-04 14:11:48.310000
56731,16,1,,2023-12-27 19:22:56.587000
56732,15,1,,2023-12-20 18:54:10.753000
56737,31,1,,2024-09-18 13:08:04.550000
56743,26,1,,2025-12-22 18:35:48.697000
56747,29,1,,2025-07-10 20:15:48.197000
56748,31,1,,2026-06-26 12:41:24.793000
56756,20,1,,2023-11-03 14:52:04.717000
56758,62,1,,2025-09-18 11:59:12.220000
56766,25,1,,2025-09-17 16:21:02.110000
56767,29,1,,2025-12-22 13:59:34.563000
56769,18,1,,2025-08-14 15:14:16.023000
56771,25,1,,2024-09-17 12:35:02.723000
56773,30,1,,2025-09-26 13:57:38.917000
56774,22,1,,2025-08-14 11:51:30.903000
56775,24,1,,2025-08-25 13:56:09.830000
56777,16,1,,2026-01-27 16:48:14.853000
56779,25,1,,2026-06-12 20:47:56.290000
56781,39,1,,2026-05-19 14:16:15.503000
56784,18,1,,2024-08-12 15:21:11.450000
56786,77,1,,2026-07-10 13:47:47.083000
56787,24,1,,2023-09-21 18:53:52.450000
56792,11,1,,2023-08-07 14:15:22.343000
56793,35,1,,2025-08-01 18:16:49.250000
56795,34,1,,2025-04-23 19:27:48.860000
56796,31,1,,2026-01-23 13:44:56.310000
56797,18,1,,2025-12-22 13:57:20.167000
56798,29,1,,2026-07-27 17:53:31.117000
56799,29,1,,2025-10-30 14:19:07.403000
56802,18,1,,2025-09-26 22:16:17.200000
56805,41,1,,2025-09-26 17:13:56.070000
56808,15,1,,2025-09-26 22:12:16.493000
56809,20,1,,2025-08-29 17:15:28.443000
56811,13,1,,2025-09-19 13:08:35.983000
56816,16,1,,2026-02-20 21:11:46.860000
56818,55,1,,2026-06-22 17:25:00.563000
56823,22,1,,2026-02-20 20:03:05.910000
56825,20,1,,2025-08-14 15:48:50.707000
56827,17,1,,2025-09-15 17:38:34.513000
56836,18,1,,2026-04-29 15:39:36.143000
56837,18,1,,2024-12-19 16:28:18.180000
56838,13,1,,2024-05-21 14:16:40.237000
56841,18,1,,2023-10-20 11:51:58.710000
56844,26,1,,2025-09-17 16:48:39.440000
56845,12,1,,2025-09-15 17:50:38.337000
56848,16,1,,2025-01-24 13:54:22.793000
56850,33,1,,2024-12-19 12:51:51.287000
56852,24,1,,2026-01-27 16:20:06.853000
56853,102,1,,2026-07-21 12:43:22.690000
56857,7,1,,2021-06-30 12:24:42.643000
56863,15,1,,2023-11-20 14:45:57.280000
56865,29,1,,2024-09-19 20:58:15.570000
56866,21,1,,2026-06-12 13:29:34.640000
56867,45,1,,2026-02-16 20:53:45.747000
56868,30,1,,2025-08-22 19:20:58.037000
56869,12,1,,2024-12-17 20:18:35.443000
56870,7,1,,2021-11-16 13:03:11.460000
56871,19,1,,2024-12-16 20:11:02.077000
56872,10,1,,2023-07-21 15:01:18.917000
56874,29,1,,2024-12-19 16:40:08.773000
56875,11,1,,2021-09-09 12:14:43.163000
56876,18,1,,2023-12-28 16:40:58.780000
56881,10,1,,2025-08-01 00:19:51.103000
56884,13,1,,2023-11-08 17:11:56.907000
56885,14,1,,2023-11-10 16:46:18.930000
56887,11,1,,2023-11-15 12:11:45.763000
56898,15,1,,2021-06-15 12:08:48.147000
56899,11,1,,2024-10-31 13:10:46.880000
56900,23,1,,2025-09-17 17:04:38.817000
56902,50,1,<p>N/A</p>,2026-01-22 20:17:24.250000
56903,15,1,,2025-06-18 17:23:39.063000
56905,20,1,,2026-01-22 19:48:02.273000
56906,13,1,,2022-06-20 12:58:59.460000
56907,24,1,,2025-12-24 18:56:25.093000
56908,19,1,,2025-12-24 17:44:45.247000
56910,9,1,,2025-07-16 16:14:38.437000
56913,13,1,,2023-07-07 13:48:57.563000
56914,19,1,,2026-01-22 19:51:10.167000
56915,37,1,,2026-04-29 14:55:56.133000
56916,33,1,,2026-04-21 17:37:20.763000
56923,16,1,,2023-01-20 12:08:35.480000
56924,11,1,,2023-07-03 13:03:52.720000
56926,17,1,,2026-07-27 16:44:20.837000
56929,15,1,,2023-09-14 20:07:55.940000
56933,9,1,,2022-10-10 12:44:24.143000
56937,43,1,,2025-12-22 18:17:02.727000
56938,46,1,,2022-01-14 13:50:48.260000
56940,11,1,,2025-02-06 19:27:32.887000
56941,7,1,,2021-10-07 11:42:28.967000
56943,17,1,,2025-08-22 15:02:46.650000
56948,23,1,,2025-08-18 19:13:33.290000
56952,50,1,,2026-01-23 14:15:11.650000
56953,25,1,,2022-01-14 13:57:32.403000
56954,6,1,,2022-10-18 16:39:08.010000
56957,9,1,,2021-12-22 16:14:23.930000
56961,18,1,,2025-10-17 11:34:05.897000
56962,8,1,,2021-09-09 12:21:17.093000
56963,12,1,,2021-09-29 12:07:10.613000
56973,69,1,,2026-07-24 12:18:57.470000
56980,12,1,,2025-06-11 12:08:10.710000
56981,16,1,,2023-11-08 18:29:32.520000
56982,15,1,,2025-06-11 12:09:59.023000
56983,12,1,,2024-08-14 19:41:57.140000
56985,15,1,,2023-11-08 18:39:49.493000
56988,17,1,,2025-11-26 22:42:01.770000
56989,11,1,,2023-11-08 16:59:19.880000
56995,15,1,,2024-02-28 14:33:00.527000
56997,18,1,,2025-04-30 19:24:05.900000
56998,10,1,,2023-11-15 12:09:43.413000
57020,6,1,,2023-11-20 14:53:05.470000
57021,19,1,,2024-01-29 16:47:57.780000
57024,16,1,,2024-03-01 16:07:09.070000
57025,21,1,,2025-01-24 13:58:49.850000
57029,10,1,,2022-10-28 13:23:02.827000
57034,11,1,,2024-11-08 16:17:10.480000
57037,24,1,,2025-08-22 13:16:38.610000
57038,16,1,,2025-08-29 17:00:59.757000
57039,9,1,,2025-08-29 16:39:28.120000
57040,26,1,,2026-07-27 17:49:57.437000
57041,21,1,,2026-04-02 15:41:15.190000
57043,24,1,,2026-07-27 16:54:53.420000
57044,22,1,,2026-07-27 17:16:18.587000
57047,11,1,,2023-12-29 17:47:55.470000
57049,13,1,,2026-02-27 17:26:38.143000
57050,13,1,,2026-03-16 18:26:42.647000
57052,18,1,,2026-04-03 12:59:08.700000
57053,22,1,,2026-04-02 15:31:25.160000
57054,12,1,,2026-04-02 15:33:45.300000
57056,44,1,,2025-10-03 12:29:24.960000
57060,12,1,,2025-09-15 17:51:31.923000
57063,29,1,,2025-09-26 17:19:13.163000
57065,32,1,,2026-05-29 20:46:57.180000
57067,34,1,,2026-05-29 21:16:58.993000
57068,17,1,,2026-04-29 16:31:55.307000
57069,25,1,,2026-05-22 16:03:05.750000
57070,16,1,,2026-05-29 21:20:01.017000
57071,36,1,,2026-05-29 21:30:05.257000
57072,17,1,,2023-06-29 17:20:47.967000
57077,29,1,,2024-10-18 13:54:50.790000
57079,15,1,,2026-03-24 16:38:15.597000
57083,14,1,,2025-11-14 12:34:06.927000
57092,25,1,,2025-10-09 13:05:38.690000
57100,51,1,,2026-07-24 12:21:39.563000
57106,12,1,,2024-01-23 20:39:59.437000
57110,17,1,,2024-09-17 14:04:25.737000
57112,11,1,,2024-06-18 13:50:35.750000
57113,44,1,,2026-01-23 13:45:58.320000
57114,21,1,<p>N/A</p>,2026-07-17 17:54:54.200000
57115,10,1,,2026-01-23 14:15:56.760000
57122,23,1,,2025-12-12 14:46:48.227000
57123,61,1,,2025-09-26 17:05:46.433000
57124,21,1,<p>N/A</p>,2024-09-04 13:31:04.217000
57125,22,1,<p>N/A</p>,2024-10-18 13:43:39.687000
57130,51,1,,2025-09-26 13:58:31.257000
57132,19,1,,2023-12-29 17:43:00.930000
57141,47,1,,2026-07-24 13:55:30.807000
57145,32,1,,2026-01-23 14:16:53.760000
57149,20,1,,2026-02-27 19:14:14.563000
57155,15,1,,2024-09-30 18:28:44.353000
57160,13,1,,2026-04-10 11:40:19.077000
57161,22,1,,2025-12-22 15:21:38.443000
57165,15,1,,2025-10-27 17:47:50.500000
57179,22,1,,2026-02-20 14:56:45.543000
57181,37,1,,2025-09-23 19:03:03.727000
57183,23,1,,2025-12-22 15:16:13.610000
57185,43,1,<p>N/A</p>,2026-04-03 13:33:14.863000
57186,43,1,<p>N/A</p>,2026-04-03 13:34:41.020000
57187,39,1,,2026-06-24 12:20:48.330000
57188,27,1,,2025-09-26 17:23:34.850000
57189,28,1,,2024-09-25 21:22:08.237000
57190,11,1,,2025-06-25 20:34:58.050000
57193,31,1,,2026-07-27 17:30:26.920000
57195,29,1,,2025-10-15 21:14:42.990000
57204,45,1,,2026-05-05 18:31:23.920000
57205,39,1,,2026-01-23 14:08:24.243000
57206,30,1,,2025-09-23 19:45:55.697000
57221,25,1,,2024-12-23 11:59:46.493000
57224,68,1,,2026-06-03 14:40:14.437000
57237,11,1,,2023-11-16 19:14:49.563000
57268,21,1,<p>N/A</p>,2025-10-17 13:13:36.100000
57282,18,1,,2025-09-30 23:56:42.720000
57284,14,1,,2026-05-22 16:11:18.943000
57305,14,1,,2025-10-03 22:20:28.457000
57306,44,1,,2026-04-10 11:41:18.513000
57307,38,1,,2026-04-29 16:23:07.853000
57311,35,1,,2026-07-27 16:46:37.223000
57326,42,1,,2026-07-31 15:09:25.930000
57329,18,1,<p>N/A</p>,2025-09-22 13:15:45.463000
57331,61,1,<p>N/A</p>,2026-07-24 12:49:10.623000
57342,31,1,,2025-10-13 15:21:40.280000
57356,14,1,<p>N/A</p>,2023-11-22 19:36:08.560000
57361,46,1,,2026-01-23 14:09:19.880000
57363,14,1,,2023-11-22 15:21:55.530000
57372,18,1,<p>N/A</p>,2023-11-22 18:30:46.707000
57384,53,1,<p>N/A</p>,2026-07-24 12:45:21.070000
57386,21,1,,2025-09-19 17:04:13.920000
57414,30,1,,2025-09-26 13:59:16.007000
57419,16,1,,2023-11-22 15:29:01.663000
57423,16,1,,2025-09-23 13:11:13.157000
57427,11,1,,2024-09-18 18:25:56.337000
57428,10,1,,2025-12-22 18:30:26.783000
57431,14,1,,2025-12-22 18:22:00.580000
57432,12,1,<p>N/A</p>,2025-09-22 19:07:11.660000
57434,35,1,,2025-09-26 17:30:23.780000
57441,8,1,,2023-11-22 19:08:33.023000
57449,24,1,,2025-09-26 17:31:40.203000
57450,14,1,,2025-09-26 17:32:23.500000
57451,38,1,,2024-01-19 13:06:50.460000
57452,46,1,,2025-09-17 16:38:54.017000
57455,24,1,,2025-09-17 20:31:55.553000
57473,33,1,,2025-09-18 19:06:24.020000
57476,22,1,,2025-08-22 17:27:57.297000
57477,15,1,,2026-07-24 12:24:42.530000
57478,40,1,,2025-09-16 18:52:19.330000
57479,18,1,,2026-01-22 18:00:56.983000
57480,31,1,,2026-01-22 20:20:23.190000
57481,12,1,,2024-10-22 12:54:40.870000
57482,25,1,,2026-07-24 12:37:27.190000
57483,28,1,,2025-09-18 17:17:14.337000
57484,22,1,,2026-02-11 19:03:27.117000
57486,10,1,,2023-11-22 17:29:47.960000
57496,14,1,,2024-05-10 11:50:10.630000
57497,15,1,,2023-11-16 19:11:25.273000
57503,17,1,,2022-03-24 15:26:39.833000
57512,19,1,,2025-09-04 19:01:26.513000
57515,12,1,,2023-11-22 19:43:56.517000
57516,12,1,,2025-09-19 18:49:51.160000
57520,43,1,,2025-01-24 13:57:29.007000
57526,93,1,<p>N/A</p>,2026-07-21 12:09:26.363000
57531,60,1,,2025-11-26 13:36:20.033000
57540,15,1,,2025-09-26 17:40:21.217000
57551,14,1,,2025-12-23 13:54:28.660000
57552,19,1,,2025-10-22 15:27:03.510000
57554,52,1,,2026-07-24 12:57:35.237000
57558,11,1,,2023-03-22 14:33:54.553000
57559,20,1,,2025-09-17 15:54:45.497000
57560,10,1,,2025-04-25 19:15:08.530000
57566,13,1,,2026-05-21 13:55:57.173000
57567,14,1,,2025-04-25 19:30:21.660000
57568,11,1,,2023-04-21 17:50:40.320000
57571,9,1,,2024-11-20 14:19:23.247000
57575,9,1,,2025-06-18 17:36:04.553000
57576,11,1,,2023-05-23 15:15:22.150000
57577,7,1,,2023-08-23 16:56:04.920000
57581,7,1,,2023-07-19 16:36:05.723000
57583,9,1,,2025-10-22 17:06:40.380000
57587,9,1,,2023-12-20 14:49:27.577000
57588,11,1,,2025-10-22 17:47:44.650000
57589,16,1,,2023-11-20 15:53:30.133000
57590,15,1,,2026-01-22 18:52:01.203000
57591,25,1,,2026-03-20 12:08:48.963000
57592,19,1,,2026-02-20 13:41:31.220000
57593,17,1,,2025-09-18 19:40:01.133000
57594,22,1,,2025-12-23 20:45:46.843000
57595,20,1,,2026-02-25 12:35:32.963000
57596,19,1,,2026-01-22 19:54:44.293000
57597,22,1,,2025-09-16 19:10:42.573000
57598,11,1,,2026-03-20 12:40:01.450000
57599,14,1,,2025-09-18 18:43:33.170000
57600,34,1,,2025-09-26 14:00:03.547000
57604,16,1,,2024-01-23 16:48:26.250000
57607,15,1,<p>N/A</p>,2023-11-22 15:27:23.677000
57611,16,1,,2025-09-09 16:37:28.897000
57612,8,1,,2023-11-16 19:17:00.210000
57614,15,1,,2025-09-09 16:38:35.733000
57615,6,1,,2023-11-16 19:19:46.747000
57618,24,1,,2025-01-24 13:58:15.303000
57619,8,1,<p>N/A</p>,2023-11-22 17:32:05.117000
57621,17,1,<p>N/A</p>,2023-11-22 15:26:10.127000
57630,11,1,,2024-07-24 17:29:22.543000
57633,8,1,,2025-01-24 17:53:14.560000
57636,24,1,,2025-09-26 14:08:30.673000
57637,20,1,,2025-09-26 17:41:18.193000
57638,7,1,,2024-01-19 13:57:50.357000
57643,20,1,<p>N/A</p>,2025-09-04 19:00:34.213000
57647,17,1,,2023-07-07 12:25:58.227000
57649,9,1,,2023-10-20 12:29:57.040000
57657,25,1,,2024-10-18 14:01:03.007000
57661,17,1,<p>N/A</p>,2023-11-22 19:29:14.873000
57663,14,1,,2026-04-29 16:16:11.750000
57664,11,1,<p>N/A</p>,2023-11-22 16:49:54.357000
57666,36,1,,2026-01-23 14:12:40.187000
57668,45,1,,2025-09-17 16:28:34.333000
57669,10,1,,2025-09-26 14:09:19.697000
57670,8,1,,2026-02-06 14:44:56.623000
57677,14,1,,2024-10-18 12:55:43.003000
57678,11,1,,2025-09-26 14:05:19.197000
57680,9,1,,2026-01-23 13:41:12.400000
57683,11,1,,2025-09-17 17:27:30.170000
57685,15,1,,2025-12-23 00:27:30.543000
57689,44,1,,2025-10-10 16:31:56.130000
57692,11,1,,2023-11-08 18:30:41.830000
57697,16,1,,2025-09-04 19:02:55.790000
57701,30,1,<p>N/A</p>,2025-12-22 16:36:18.723000
57706,14,1,,2025-06-20 18:56:08.300000
57715,55,1,,2025-12-05 14:36:30.743000
57718,20,1,,2024-09-27 12:28:45.753000
57726,7,1,,2023-10-13 11:44:21.257000
57733,12,1,,2026-04-21 17:05:34.693000
57736,18,1,,2024-09-20 19:59:51.387000
57751,28,1,<p>N/A</p>,2026-07-17 17:54:02.450000
57752,18,1,,2022-02-11 14:12:32.793000
57753,12,1,,2022-01-14 13:53:24.767000
57755,18,1,,2024-03-27 14:37:53.190000
57759,36,1,,2025-09-17 20:26:54.880000
57765,26,1,"<p><br /><strong>Total Hip Arthroplasty</strong></p>
<p>For inpatient THA procedures, report the appropriate ICD-10-PCS code from the table below.</p>",2026-06-18 14:22:18.617000
57765,26,2,"<p><br /><strong>Total Knee Arthroplasty</strong></p>
<p>For inpatient TKA procedures, report the appropriate ICD-10-PCS code from the table below.</p>",2026-06-18 14:22:19.613000
57767,12,1,,2024-03-01 14:34:12.133000
57772,81,1,,2026-07-24 12:17:55.910000
57773,17,1,<p>N/A</p>,2023-11-22 15:22:48.643000
57778,59,1,,2026-07-10 13:48:23.383000
57779,8,1,,2025-01-24 17:40:08.223000
57780,27,1,,2025-09-26 14:10:01.940000
57787,47,1,,2026-04-02 15:34:00.410000
57788,41,1,,2025-12-12 20:04:16.770000
57791,12,1,,2023-12-20 01:09:56.863000
57804,41,1,,2025-09-26 14:07:53.373000
57813,8,1,,2022-01-18 13:52:52.243000
57826,37,1,,2026-05-14 17:08:14.370000
57831,30,1,,2026-05-26 14:32:35.597000
57837,30,1,,2026-05-05 14:16:18.353000
57839,14,1,,2025-04-04 13:39:26.597000
57842,11,1,,2024-03-28 12:06:22.327000
57848,19,1,,2025-03-19 12:10:41.363000
57851,8,1,,2023-09-19 14:19:23.907000
57858,30,1,,2026-05-29 16:08:30.287000
57863,41,1,,2026-06-04 16:49:39.613000
57867,33,1,,2025-06-30 13:11:57.763000
57868,4,1,,2021-12-13 14:12:17.467000
57870,26,1,,2025-04-09 11:07:14.740000
57872,10,1,,2022-02-11 14:13:27.803000
57873,31,1,,2026-06-11 15:26:08.350000
57878,26,1,,2026-05-21 13:36:19.683000
57880,13,1,,2025-12-11 13:59:03.533000
57884,10,1,,2025-04-04 13:40:37.410000
57891,39,1,,2026-05-05 19:48:55.483000
57901,27,1,<p>N/A</p>,2026-05-26 14:22:47.820000
57910,14,1,,2023-11-15 12:29:13.900000
57913,11,1,,2025-09-16 17:35:55.180000
57915,10,1,,2025-05-13 19:15:55.593000
57917,32,1,,2026-08-03 13:41:05.030000
57926,25,1,,2026-03-25 17:53:00.600000
57936,33,1,,2025-07-23 19:23:15.057000
57944,25,1,<p>N/A</p>,2026-05-01 12:37:40.547000
57948,38,1,,2026-06-09 19:34:53.523000
57954,73,1,,2025-11-10 19:27:29.633000
57970,13,1,<p>N/A</p>,2023-11-22 16:38:16.193000
57983,6,1,,2023-12-20 16:25:11.837000
58008,22,1,,2026-01-27 16:18:03.527000
58017,55,1,,2026-07-24 12:44:30.323000
58019,45,1,,2026-01-12 15:40:43.940000
58021,11,1,,2022-05-26 13:29:57.470000
58028,23,1,,2024-01-08 14:34:44.560000
58031,11,1,,2022-02-18 13:49:44.780000
58038,10,1,,2023-11-10 16:33:22.027000
58052,9,1,<p>N/A</p>,2025-09-19 18:56:20.777000
58061,28,1,,2025-06-26 13:39:43.070000
58063,11,1,,2023-11-10 16:27:41.183000
58065,19,1,,2024-01-08 17:49:55.723000
58075,24,1,,2026-05-15 12:59:23.493000
58095,16,1,,2025-10-29 12:06:21.233000
58110,22,1,<p>N/A</p>,2025-04-11 13:05:44.313000
58113,6,1,,2023-11-07 12:35:43.013000
58116,29,1,,2025-03-18 17:24:40.290000
58120,17,1,<p>N/A</p>,2023-11-22 18:58:03.223000
58127,19,1,,2025-09-30 23:50:45.080000
58133,23,1,,2025-03-18 11:47:30.477000
58136,22,1,<p>N/A</p>,2025-04-11 13:06:39.877000
58152,13,1,,2026-02-20 20:15:40.637000
58168,33,1,<p>N/A</p>,2026-01-13 15:44:01.730000
58170,33,1,<p>N/A</p>,2026-01-13 15:44:31.720000
58181,24,1,<p>N/A</p>,2024-01-08 13:56:07.213000
58183,19,1,<p>N/A</p>,2025-09-22 13:19:13.783000
58205,13,1,,2026-05-21 14:06:11.560000
58207,34,1,,2026-01-22 15:22:01.843000
58209,9,1,,2026-01-22 20:04:11
58211,24,1,,2025-12-11 14:58:17.493000
58213,16,1,,2025-04-22 17:24:51.680000
58218,17,1,,2025-12-26 23:52:21.957000
58223,22,1,,2026-03-18 13:41:37.650000
58227,20,1,,2026-01-20 13:42:06.670000
58243,7,1,,2026-01-23 13:54:24.797000
58250,19,1,,2026-01-23 14:14:12.843000
58264,8,1,,2026-01-23 13:55:23.370000
58275,9,1,,2022-07-01 17:29:40.457000
58277,13,1,,2025-04-09 14:29:58.367000
58282,14,1,,2026-07-13 15:33:56.923000
58287,5,1,,2021-12-29 15:47:22.210000
58294,8,1,,2021-12-15 19:29:27.590000
58308,18,1,,2024-09-04 13:37:23.610000
58318,65,1,,2026-07-24 12:45:43.407000
58321,7,1,,2021-12-21 15:13:33.287000
58324,35,1,,2025-11-03 14:14:04.893000
58343,11,1,,2022-01-28 16:21:56.990000
58350,24,1,,2026-05-15 13:00:18.363000
58354,15,1,,2026-01-27 16:42:09.860000
58359,13,1,,2025-08-29 16:26:45.327000
58362,10,1,,2023-11-08 14:12:36.600000
58364,39,1,,2026-07-17 13:58:21.110000
58367,6,1,,2021-12-28 21:23:47.787000
58371,12,1,,2023-12-13 11:56:18.887000
58376,67,1,,2026-07-28 16:15:33.033000
58392,13,1,,2024-12-17 19:38:02.863000
58395,44,1,,2026-07-24 12:00:15.993000
58403,27,1,,2026-05-12 13:14:37.893000
58406,26,1,,2026-01-20 13:09:53.733000
58410,9,1,,2022-01-14 13:55:22.250000
58414,11,1,,2022-01-14 13:47:59.623000
58423,48,1,,2025-12-05 14:35:38.693000
58428,29,1,,2026-04-02 15:09:08.953000
58434,34,1,,2026-03-06 14:02:55.590000
58436,13,1,,2025-09-04 18:54:29.903000
58454,50,1,<p>N/A</p>,2026-07-28 13:12:34.860000
58468,41,1,,2026-07-31 11:43:56.057000
58471,10,1,,2023-02-15 13:42:16.507000
58473,11,1,,2026-04-30 14:11:01.490000
58477,22,1,,2026-05-21 14:03:05.453000
58503,12,1,,2023-08-22 15:20:43.023000
58559,42,1,,2026-07-31 14:24:59.633000
58565,52,1,,2026-08-04 19:42:59.067000
58573,13,1,,2026-02-06 13:52:50.373000
58575,38,1,,2026-01-23 14:10:49.417000
58577,33,1,,2026-01-23 14:18:05.853000
58582,20,1,,2026-07-27 16:51:59.943000
58592,19,1,,2025-09-26 14:06:34.920000
58609,7,1,,2021-11-19 18:19:05.360000
58649,13,1,,2026-06-16 10:02:09.673000
58652,29,1,<p>N/A</p>,2026-07-28 16:14:08.690000
58656,9,1,,2024-06-14 17:28:43.440000
58664,9,1,,2024-04-04 12:36:19.870000
58673,8,1,,2023-11-22 19:02:54.997000
58677,5,1,,2023-11-07 12:39:48.683000
58679,38,1,<p>N/A</p>,2026-08-07 16:28:49.697000
58689,6,1,,2023-09-19 13:22:32.487000
58695,11,1,,2025-01-13 16:08:10.923000
58700,17,1,,2026-06-16 16:16:30.240000
58706,12,1,,2023-11-08 14:53:40.747000
58710,92,1,,2026-07-28 16:14:52.333000
58713,13,1,,2026-06-19 22:31:40.993000
58718,16,1,<p>N/A</p>,2026-06-16 15:27:01.030000
58720,90,1,<p>N/A</p>,2026-07-28 13:17:17.427000
58731,16,1,,2025-03-06 18:09:52.657000
58734,20,1,,2026-07-30 19:18:02.783000
58737,10,1,,2023-11-15 12:45:39.010000
58741,18,1,,2025-07-24 14:54:39.287000
58745,21,1,,2025-03-14 19:03:50.013000
58747,65,1,,2026-07-02 16:11:47.587000
58756,26,1,,2026-07-31 11:47:36.813000
58759,13,1,,2026-06-17 16:58:55.413000
58761,70,1,<p>N/A</p>,2026-07-31 11:33:30.780000
58774,24,1,,2026-06-18 15:38:08.123000
58777,11,1,,2023-11-20 16:38:03.120000
58788,18,1,,2026-07-23 11:37:16.427000
58795,15,1,,2025-01-24 17:57:05.403000
58797,15,1,,2025-01-24 17:58:11.570000
58801,85,1,,2026-07-10 13:49:07.270000
58808,12,1,,2023-07-14 11:34:24.403000
58810,11,1,,2023-07-14 11:34:57.587000
58812,81,1,,2026-07-10 13:49:43.550000
58814,12,1,,2023-12-20 16:00:55.063000
58817,6,1,,2023-11-07 16:43:54.407000
58821,7,1,"<p><span style=""background: white;"">The following ICD-10-PCS codes associated with CRT services may have diagnosis code limitations based on the related LCD</span></p>",2022-03-09 15:36:34.363000
58828,15,1,,2026-03-13 13:22:32.070000
58833,17,1,,2023-11-01 18:00:24.937000
58836,20,1,,2023-05-11 16:14:08.617000
58865,24,1,<p>N/A</p>,2025-09-22 11:36:47.633000
58872,6,1,,2025-09-26 14:02:54.340000
58873,7,1,,2025-09-26 14:13:35.940000
58876,12,1,,2026-01-27 16:23:15.937000
58883,6,1,,2023-03-08 14:23:30.553000
58893,19,1,<p>N/A</p>,2025-09-17 20:36:54.123000
58917,101,1,,2026-07-10 13:50:33.873000
58918,90,1,<p>N/A</p>,2026-07-10 13:51:17.720000
58921,11,1,,2024-10-21 10:27:51.390000
58963,11,1,,2025-07-16 15:41:29.243000
58973,27,1,<p>N/A</p>,2025-09-19 19:14:52.930000
58982,19,1,,2025-04-10 12:56:55.463000
58988,24,1,,2025-04-15 11:39:47.347000
58993,16,1,,2025-09-04 18:56:44.440000
58996,31,1,<p>N/A</p>,2025-04-15 12:37:32.140000
58998,19,1,,2025-04-14 12:10:38.463000
59004,20,1,,2025-04-25 17:04:32.053000
59006,4,1,,2023-11-07 12:36:50.983000
59015,3,1,,2023-03-24 13:40:24.913000
59028,12,1,,2026-01-27 16:14:32.627000
59030,13,1,,2026-01-27 16:46:36.527000
59032,7,1,<p>N/A</p>,2023-11-22 17:23:11.367000
59036,23,1,,2026-02-04 14:04:18.790000
59040,12,1,,2024-12-23 16:53:17.583000
59042,13,1,,2024-08-08 18:09:08.983000
59049,16,1,,2023-11-22 12:43:44.363000
59051,6,1,,2025-02-06 19:17:00.443000
59060,4,1,,2022-04-07 16:12:12.663000
59066,10,1,,2025-10-31 21:06:19.220000
59101,28,1,,2025-09-17 14:19:30.647000
59105,36,1,,2026-07-24 15:31:37.210000
59109,7,1,,2023-10-03 12:37:44.857000
59121,3,1,,2023-03-22 12:01:22.980000
59123,28,1,,2025-01-03 19:42:36.490000
59125,38,1,,2025-01-03 19:41:29.290000
59126,5,1,,2024-03-05 16:37:45.733000
59154,13,1,,2026-03-16 18:20:08
59158,9,1,,2024-01-02 22:06:16.580000
59160,13,1,,2025-08-14 18:05:50.013000
59163,7,1,,2026-02-19 15:23:04.487000
59170,5,1,,2023-08-22 19:03:46.350000
59175,11,1,,2024-09-25 13:10:32.077000
59179,10,1,<p>N/A</p>,2023-11-22 17:10:57.003000
59186,22,1,,2025-08-25 19:39:12.537000
59192,15,1,,2024-11-08 16:43:50.070000
59205,3,1,,2023-01-13 14:25:21.663000
59215,9,1,,2026-02-27 16:20:49.397000
59217,5,1,,2022-09-09 11:19:41.820000
59218,5,1,,2022-09-09 11:20:33.500000
59233,19,1,,2024-05-20 11:58:35.730000
59244,18,1,<p>N/A</p>,2024-05-31 17:09:36.840000
59254,3,1,,2022-09-20 12:24:34.227000
59257,11,1,,2024-12-18 15:04:20.440000
59259,8,1,,2024-11-20 13:59:47.867000
59261,7,1,<p>N/A</p>,2025-09-17 17:20:53.230000
59268,27,1,,2025-01-24 14:03:23.510000
59270,26,1,,2025-01-24 14:03:59.770000
59295,6,1,,2025-04-16 19:11:30.970000
59299,12,1,,2025-12-01 15:23:24.300000
59311,10,1,"<p>The following ICD-10-PCS Codes were added, effective 10/01/2019: 30233U2, 30233U3, 30243U2, 30243U3.</p>",2024-09-18 12:58:18.380000
59318,13,1,,2026-02-19 15:11:02.460000
59323,4,1,,2024-12-03 17:14:53.783000
59332,15,1,,2026-04-17 13:36:17.923000
59350,27,1,"<p><span style=""line-height: 115%;"">N/A</span></p>",2026-04-28 18:58:16.703000
59371,7,1,,2026-02-04 14:05:59.983000
59374,14,1,,2025-09-18 20:03:02.413000
59380,3,1,<p>N/A</p>,2024-06-28 13:40:37.347000
59382,4,1,<p>N/A</p>,2024-06-28 11:41:21.523000
59386,4,1,<p>N/A</p>,2024-06-28 14:07:23.573000
59416,14,1,<p>N/A</p>,2026-07-30 19:17:12.157000
59423,4,1,,2026-02-19 16:30:13.637000
59429,4,1,,2026-04-20 12:35:40.543000
59434,19,1,<p>N/A</p>,2025-09-16 17:56:25.813000
59449,2,1,,2023-06-01 15:03:46.653000
59462,4,1,,2024-08-01 12:59:19.303000
59466,7,1,,2023-12-11 04:44:05.160000
59470,4,1,,2024-06-07 12:15:47.613000
59472,4,1,,2024-08-01 13:59:00.273000
59474,4,1,,2025-05-13 19:14:46.330000
59476,4,1,,2024-08-02 14:22:52.320000
59480,10,1,,2025-09-18 19:56:26.547000
59482,4,1,,2025-06-11 12:11:53.193000
59484,8,1,,2025-01-02 16:02:07.370000
59487,15,1,,2025-12-22 18:24:59.793000
59491,7,1,,2023-07-21 14:46:44.037000
59498,10,1,,2026-01-27 16:44:14.883000
59505,5,1,<p>N/A</p>,2024-08-02 11:56:44.570000
59509,5,1,<p>N/A</p>,2024-06-07 12:35:20.720000
59513,4,1,<p>N/A</p>,2024-08-01 12:27:55.427000
59521,11,1,,2025-01-02 13:12:49.390000
59529,10,1,,2025-08-01 00:24:31.897000
59536,7,1,,2025-01-23 20:22:49.203000
59549,5,1,,2026-06-18 12:54:10.437000
59551,5,1,,2026-06-18 12:47:39.120000
59553,11,1,,2026-01-22 20:10:16.017000
59560,4,1,,2026-04-16 17:53:00.073000
59561,3,1,,2023-09-19 20:27:07.250000
59595,4,1,,2024-06-03 11:31:32.577000
59608,32,1,,2026-04-04 15:22:22.323000
59624,19,1,,2026-03-30 15:54:29.650000
59632,23,1,,2026-04-01 16:37:34.483000
59634,10,1,,2026-04-02 13:25:17.930000
59636,34,1,,2026-07-21 12:44:17.337000
59641,35,1,<p>N/A</p>,2026-07-21 12:13:50.873000
59646,19,1,,2026-07-24 12:24:46.293000
59649,30,1,<p>N/A</p>,2026-07-24 11:56:06.643000
59654,4,1,,2024-05-21 14:17:38.917000
59657,9,1,<p>Part A providers use the following ICD-10-PCS Codes to report endovascular cardiac assist devices.</p>,2025-07-17 23:00:57.213000
59657,9,2,"<p>Part A providers use the following ICD-10-PCS Codes to report artificial heart devices.</p>
<p><strong>NOTE:</strong> Total artificial heart is reported with a &ldquo;cluster&rdquo; of 2 codes for open replacement with synthetic substitute of the right and left ventricles- 02RK0JZ + 02RL0JZ.</p>",2025-07-17 23:00:57.227000
59661,3,1,,2024-01-16 18:29:07.250000
59664,17,1,,2026-05-21 14:00:00.080000
59668,29,1,,2026-04-24 14:05:58.220000
59672,8,1,,2026-01-27 16:33:59.840000
59674,18,1,,2026-04-24 14:06:46.173000
59678,4,1,,2024-02-22 19:17:29.503000
59680,3,1,,2024-02-16 18:32:52.840000
59682,4,1,,2024-12-27 21:50:19.537000
59685,5,1,<p>N/A</p>,2024-02-23 14:22:38.830000
59695,12,1,,2025-12-23 11:46:35.467000
59698,3,1,,2024-02-22 21:28:43.420000
59700,5,1,,2026-02-20 13:36:59.817000
59707,25,1,,2026-04-03 17:45:10.590000
59713,5,1,,2024-05-20 14:00:21.190000
59714,16,1,,2026-04-02 13:24:45.040000
59716,8,1,,2026-01-05 14:14:54.920000
59718,10,1,,2026-01-20 13:10:49.187000
59721,6,1,,2026-01-16 14:27:39.550000
59723,10,1,,2026-01-27 16:24:58.233000
59725,3,1,,2024-05-23 12:18:32.360000
59726,19,1,,2026-04-04 15:22:58.910000
59727,4,1,<p>N/A</p>,2024-05-23 22:26:32.730000
59728,4,1,<p>N/A</p>,2024-05-23 22:28:12.970000
59733,10,1,,2025-12-22 18:33:07.450000
59741,4,1,,2024-05-17 17:00:44.803000
59743,5,1,,2024-05-17 11:51:08.707000
59752,4,1,,2024-04-17 15:53:22.600000
59764,16,1,,2026-01-23 14:19:04.017000
59766,29,1,,2026-01-23 14:11:54.363000
59769,9,1,,2025-12-23 12:01:46.890000
59792,3,1,,2024-05-17 17:53:38.770000
59798,2,1,,2024-05-21 12:23:03.123000
59805,20,1,,2026-07-24 11:49:36.273000
59807,8,1,,2026-07-27 12:14:39.200000
59808,2,1,,2024-05-21 16:54:13.637000
59809,10,1,,2026-04-29 15:08:35.277000
59811,5,1,,2026-01-20 20:47:50.087000
59813,6,1,,2026-01-22 18:57:23.530000
59819,18,1,<p>Single and Dual Chamber Leadless Pacemakers</p>,2025-03-20 20:42:05.787000
59827,7,1,,2025-11-10 14:25:37.970000
59835,8,1,,2025-11-14 13:04:53.670000
59847,8,1,,2025-09-16 12:46:06.463000
59849,8,1,,2025-09-18 14:46:44.053000
59860,5,1,,2025-08-22 15:36:03.897000
59862,7,1,,2025-09-19 17:11:59.643000
59866,6,1,,2026-05-28 13:18:08.520000
59868,8,1,,2025-09-19 13:35:19.540000
59872,9,1,,2025-09-19 13:39:05.660000
59878,4,1,,2025-01-24 20:11:22
59880,3,1,,2025-02-18 17:08:42.077000
59882,9,1,,2026-05-26 12:23:25.947000
59892,2,1,,2024-08-16 18:25:16.357000
59898,2,1,,2024-09-23 12:27:59.557000
59906,6,1,<p>N/A</p>,2025-10-22 15:46:02.370000
59908,6,1,<p>N/A</p>,2025-09-17 18:40:36.063000
59915,27,1,,2025-12-22 14:05:55.950000
59919,5,1,,2025-11-14 13:10:49.413000
59933,9,1,,2024-10-04 15:29:36.297000
59939,5,1,,2025-11-18 17:41:35.553000
59940,5,1,,2024-10-04 15:30:23.443000
59960,3,1,,2025-01-31 15:27:56.463000
59971,3,1,,2025-09-05 14:00:09.437000
59973,7,1,,2025-09-04 14:32:13.873000
59976,4,1,,2025-09-02 20:38:50.873000
59981,3,1,,2025-09-03 10:53:52.427000
60145,6,1,,2025-07-09 12:21:59.813000
60146,6,1,,2026-07-08 13:05:47.133000
60151,6,1,,2025-07-11 15:54:49.367000
60152,8,1,,2026-07-31 21:13:48.980000
60154,6,1,<p>N/A</p>,2025-07-11 15:55:34.930000
60155,6,1,<p>N/A</p>,2026-07-31 21:16:02.060000
60160,6,1,,2025-07-10 11:35:33.847000
60161,4,1,,2026-07-08 12:55:18.253000
60176,18,1,,2026-04-09 21:06:45.110000
60177,5,1,,2025-05-09 11:26:42.237000
60178,3,1,,2025-05-06 21:48:45.043000
60179,4,1,,2025-05-06 21:54:09.720000
60180,4,1,,2025-05-08 12:36:56.947000
60181,12,1,,2026-04-06 19:39:37.870000
60184,3,1,,2025-05-08 17:54:14.157000
60185,11,1,,2026-04-29 18:55:07.770000
60194,2,1,,2025-05-06 15:04:53.340000
60195,4,1,,2025-05-22 20:22:10.507000
60196,4,1,,2025-05-22 20:22:41.983000
60204,7,1,,2025-08-18 13:50:44.057000
60205,4,1,,2026-06-19 12:57:32.447000
60210,3,1,,2025-05-08 20:58:52.767000
60211,10,1,,2026-04-06 16:14:57.690000
60212,2,1,,2025-05-07 16:57:58.930000
60213,13,1,,2026-04-10 11:53:59.380000
60214,4,1,,2025-08-21 18:29:10.780000
60215,4,1,,2026-06-19 12:14:49.860000
60216,4,1,,2025-08-22 14:21:18.123000
60217,4,1,,2026-06-19 13:18:00.670000
60221,3,1,,2025-09-19 13:10:02.377000
60222,4,1,,2026-05-14 12:45:24.470000
60234,3,1,,2025-07-17 14:52:46.103000
60235,3,1,,2025-08-18 14:00:09.930000
60238,3,1,,2025-08-22 13:39:43.783000
60240,3,1,,2025-08-21 18:28:22.660000
60244,2,1,,2025-09-18 15:32:47.200000
60245,3,1,,2025-11-24 14:22:09.733000
60246,3,1,,2025-09-19 13:11:25.187000
60247,6,1,,2026-04-10 14:16:04.897000
60249,5,1,,2025-09-18 15:34:00.673000
60250,8,1,,2026-03-26 12:01:48.820000
60255,5,1,,2025-08-18 13:55:45.763000
60271,2,1,,2025-08-22 14:02:20.640000
60273,2,1,,2025-07-11 19:17:48.607000
60274,4,1,,2026-07-20 18:27:39.173000
60275,2,1,,2025-07-18 11:41:50.580000
60276,3,1,<p>N/A</p>,2025-09-03 17:34:46.893000
60278,6,1,,2025-09-19 13:32:10.180000
60279,4,1,,2026-04-29 14:04:45.843000
60285,4,1,,2025-09-19 13:10:56.390000
60286,6,1,,2026-05-08 13:56:31.830000
60291,2,1,,2025-09-17 13:34:11.893000
60292,4,1,,2026-05-08 13:06:18.920000
60293,3,1,,2025-08-21 18:27:03.493000
60295,3,1,,2025-09-17 13:30:49.280000
60297,3,1,,2025-09-19 13:12:09.150000
60299,3,1,,2025-09-16 18:35:55.083000
60301,3,1,,2025-09-18 14:45:05.753000
60304,3,1,,2025-09-18 15:45:11.020000
60305,2,1,<p>N/A</p>,2025-08-19 14:40:00.203000
60306,3,1,<p>N/A</p>,2026-06-18 15:27:23.610000
60307,3,1,<p>N/A</p>,2025-09-15 16:48:05.717000
60309,3,1,<p>N/A</p>,2025-09-15 17:12:39.473000
60314,5,1,<p>N/A</p>,2025-09-05 17:38:50.253000
60315,4,1,<p>N/A</p>,2026-03-27 16:53:32.350000
60317,4,1,<p>N/A</p>,2025-09-05 17:42:49.710000
60318,5,1,<p>N/A</p>,2026-03-27 16:54:24.157000
60321,2,1,<p>N/A</p>,2025-09-16 17:46:48.033000
60323,3,1,,2026-01-08 13:42:51.193000
60324,3,1,,2026-05-21 17:57:06.533000
60325,2,1,,2025-09-18 18:47:23.983000
60333,12,1,<p>N/A</p>,2026-02-13 17:53:58.617000
60340,11,1,<p>N/A</p>,2026-02-13 17:54:54.007000
60360,4,1,,2026-01-09 13:29:34.357000
60361,7,1,<p>N/A</p>,2026-08-05 19:02:12.220000
60363,4,1,,2026-01-26 17:04:09.030000
60374,4,1,,2026-01-09 14:50:42.230000
60375,5,1,,2026-08-06 16:15:08.910000
60376,3,1,,2026-01-08 15:31:20.640000
60377,5,1,<p>N/A</p>,2026-08-06 19:12:09.087000
60380,5,1,,2026-01-08 19:39:13.113000
60381,3,1,,2026-05-21 19:43:27.927000
60390,3,1,,2026-01-22 17:54:26.247000
60391,4,1,<p>N/A</p>,2026-08-06 15:10:22.187000
60393,2,1,,2026-01-22 19:04:57.430000
60397,5,1,,2026-01-16 23:44:17.300000
60407,4,1,,2026-05-13 18:27:50.767000
60409,2,1,,2026-03-27 12:42:37.260000
60410,6,1,,2026-05-14 12:42:24.130000
60418,3,1,,2026-05-14 11:53:39.870000
60420,5,1,,2026-05-14 12:48:21.930000
60422,3,1,,2026-04-16 11:46:36.207000
60423,12,1,,2026-05-08 16:15:01.190000
60425,4,1,,2026-05-08 16:16:01.453000
60432,4,1,,2026-05-14 20:00:13.097000
60435,3,1,,2026-05-12 00:12:28.480000
60462,3,1,,2026-06-26 12:56:59.693000
60507,2,1,,2026-07-24 20:50:48.090000
