article_id,article_version,other_coding_group,paragraph,codes,last_updated
52369,17,1,,,2026-07-14 22:42:58.413000
52370,135,1,,,2026-07-31 17:44:06.360000
52379,10,1,,,2026-07-14 22:42:59.293000
52399,75,1,,,2026-07-16 16:30:41.897000
52420,64,1,,,2026-07-14 22:43:00.050000
52421,23,1,,,2026-07-14 22:43:00.157000
52423,84,1,,,2026-07-14 22:43:00.380000
52432,14,1,,,2023-11-07 17:38:39.800000
52435,14,1,,,2025-11-26 22:25:16.823000
52437,17,1,,,2025-11-26 22:26:52.110000
52438,22,1,,,2025-09-18 20:45:40.920000
52448,24,1,,,2026-07-14 22:43:01.553000
52450,83,1,,,2026-07-14 22:43:02.070000
52451,89,1,,,2026-07-24 15:36:31.657000
52453,49,1,,,2026-07-14 22:43:00.520000
52470,19,1,,,2026-07-27 18:03:29.250000
52830,9,1,,,2026-07-28 17:58:37.120000
52849,36,1,,,2026-07-14 22:42:58.690000
52850,56,1,,,2026-07-14 22:42:58.810000
52855,31,1,,,2026-07-14 22:42:59.383000
52863,59,1,,,2026-07-14 22:43:02.133000
52866,35,1,,,2026-07-14 22:43:03.563000
52868,46,1,,,2026-07-14 22:43:03.940000
52870,38,1,,,2026-07-14 22:43:04.180000
52986,242,1,,,2025-04-25 17:28:16.950000
52992,30,1,,,2025-04-11 13:01:09.017000
52993,54,1,,,2024-10-18 13:42:54.607000
52996,31,1,,,2025-09-26 13:52:26.837000
52998,50,1,,,2026-01-23 14:04:06.330000
53001,45,1,,,2026-01-23 14:04:57.340000
53006,14,1,,,2019-12-12 15:59:00.583000
53008,56,1,,,2025-10-27 12:06:22.093000
53018,14,1,,,2026-07-14 22:43:03.713000
53024,22,1,,,2025-09-16 14:35:05.063000
53026,65,1,,,2025-12-22 16:12:02.200000
53043,16,1,,,2026-06-19 12:08:45.980000
53047,17,1,,,2021-12-29 16:33:30.123000
53052,48,1,,,2025-08-19 18:16:46.407000
53053,14,1,,,2022-05-12 13:18:15.200000
53057,67,1,,,2026-02-04 14:14:59.070000
53058,65,1,,,2026-02-04 14:12:57.433000
53060,48,1,,,2025-08-14 12:47:17.190000
53064,87,1,,,2026-02-04 14:07:05.060000
53065,76,1,,,2026-02-04 14:09:21.060000
53084,28,1,,,2025-09-23 11:39:33.470000
53095,28,1,,,2024-09-05 14:24:28.927000
53101,46,1,,,2024-08-29 13:10:23.813000
53104,32,1,,,2022-01-18 13:18:14.173000
53105,22,1,,,2019-10-16 21:55:24.117000
53134,84,1,,,2023-11-22 12:43:03.567000
53296,23,1,,,2026-02-23 13:14:49.960000
53304,16,1,,,2025-09-23 11:39:32.893000
53322,16,1,,,2025-09-16 14:35:04.563000
53352,13,1,,,2025-09-23 11:39:33.030000
53359,40,1,,,2026-06-17 15:00:08.890000
53387,35,1,,,2026-06-26 12:42:12.320000
53399,13,1,,,2019-11-07 15:59:39.843000
53423,16,1,,,2019-09-30 14:29:56.327000
53435,11,1,,,2023-01-11 18:34:32.457000
53441,10,1,,,2019-09-26 17:30:03.900000
53444,14,1,,,2023-01-10 20:56:52.943000
53472,18,1,,,2019-12-03 21:10:27.233000
53480,14,1,,,2019-10-15 14:36:38.477000
53482,13,1,,,2019-10-24 00:19:11.027000
53484,18,1,,,2026-05-04 13:10:02.690000
53488,11,1,,,2019-10-02 12:44:20.710000
53497,15,1,,,2023-01-11 13:47:04.473000
53531,22,1,,,2024-09-09 13:22:00.807000
53538,15,1,,,2019-10-15 15:07:32.127000
53558,29,1,,,2022-01-18 12:58:03.897000
53605,21,1,,,2021-07-08 12:10:04.610000
53702,19,1,,,2019-11-11 14:30:33.460000
53708,16,1,,,2019-10-30 14:47:41.280000
53773,20,1,,,2024-01-12 15:56:27.963000
53775,34,1,,,2025-01-07 15:40:50.413000
53778,14,1,,,2019-09-25 21:21:37.710000
53781,17,1,,,2024-01-11 16:38:49.730000
53784,15,1,,,2020-08-12 19:50:20.297000
53793,38,1,,,2026-01-27 16:36:00.190000
53883,26,1,,,2024-03-01 14:33:37.187000
53972,10,1,,,2025-09-23 11:39:33.543000
53986,18,1,,,2024-12-04 18:18:01.190000
53988,20,1,<p>Part A Providers: ICD-10-PCS codes</p>,"5A02116
5A0211D
5A02216
5A0221D",2024-12-04 17:54:48.093000
54018,33,1,,,2023-07-21 17:08:27.447000
54021,26,1,,,2024-05-24 15:25:57.833000
54061,23,1,,,2025-12-22 15:12:01.520000
54095,68,1,,,2025-09-26 17:04:49.620000
54111,50,1,,,2025-09-26 17:14:51.407000
54117,88,1,,,2026-01-23 13:39:50.957000
54188,33,1,,,2024-08-28 20:13:45.940000
54191,27,1,,,2023-11-08 18:44:29.923000
54192,22,1,,,2024-05-29 21:01:58.843000
54194,23,1,,,2023-11-14 18:27:56.970000
54195,22,1,,,2023-11-15 12:11:05.563000
54196,20,1,,,2023-11-15 12:12:26.473000
54257,14,1,,,2023-11-08 16:53:27.487000
54269,14,1,,,2023-11-14 18:04:43.270000
54270,16,1,,,2023-11-14 18:06:31.843000
54283,15,1,,,2023-11-15 12:26:18.477000
54295,27,1,,,2023-11-10 16:31:04.927000
54300,16,1,,,2023-11-07 15:46:52.110000
54327,7,1,,,2023-11-07 15:11:38.740000
54338,55,1,,,2025-08-29 17:41:30
54386,38,1,<p>N/A</p>,,2026-02-09 16:51:04.813000
54418,28,1,<p>N/A</p>,,2026-02-09 16:51:05.270000
54422,21,1,<p>N/A</p>,,2026-02-09 16:51:05.477000
54445,27,1,<p>N/A</p>,,2026-02-09 16:51:06.833000
54472,30,1,,,2023-02-20 19:12:21.920000
54480,16,1,,,2026-02-09 16:51:07.310000
54484,13,1,,,2026-02-09 16:51:07.443000
54498,24,1,<p>N/A</p>,,2026-02-09 16:51:05.713000
54548,36,1,,,2026-07-14 22:42:59.447000
54555,18,1,,,2024-01-12 16:25:49.517000
54559,12,1,,,2021-08-30 15:52:16.330000
54602,25,1,,,2026-07-14 22:43:03.123000
54635,31,1,<p>N/A</p>,,2025-09-16 14:35:04.703000
54641,13,1,,,2023-11-17 12:43:00.327000
54643,13,1,,,2023-11-17 12:44:31.587000
54660,14,1,,,2026-02-23 13:14:48.633000
54682,34,1,,,2024-01-25 15:14:26.227000
54685,17,1,,,2023-11-08 15:22:47.910000
54686,22,1,,,2024-09-14 23:02:26.857000
54688,23,1,,,2023-11-08 18:48:22.190000
54689,32,1,,,2023-11-07 18:21:10.837000
54750,13,1,,,2019-10-28 17:04:55.113000
54767,71,1,,,2026-05-01 12:54:09.177000
54768,38,1,,,2025-08-14 14:11:33.583000
54769,27,1,,,2022-01-18 13:00:18.320000
54795,42,1,<p>N/A</p>,,2024-03-15 10:14:22.833000
54799,67,1,,,2026-05-01 12:53:39.970000
54830,9,1,,,2024-04-05 20:59:32.520000
54831,28,1,,,2023-08-24 15:36:23.520000
54832,14,1,,,2024-03-28 13:08:54.860000
54880,10,1,,,2025-06-05 17:08:18.767000
54901,27,1,,,2024-03-15 17:01:26.050000
54909,25,1,,,2026-07-14 22:43:03.507000
54923,45,1,,,2026-01-22 14:31:42.750000
54926,25,1,,,2025-05-09 14:50:07.583000
54929,40,1,,,2025-10-27 12:06:23.637000
54954,28,1,,,2023-01-20 14:21:01.810000
54958,28,1,<p>N/A</p>,,2025-12-24 18:28:57.253000
54961,21,1,,,2026-04-02 15:20:28.747000
54969,52,1,"<p><strong>Documentation Requirements<br /></strong>The patient's medical records must clearly document the medical necessity for the test. It is not necessary to include documentation with each claim submission. Data gathered during NCS, however, should be available which reflect the actual numbers (latency, amplitude, etc.), preferably in a tabular (not narrative) format. The reason for referral and a clear diagnostic impression are required for each study. In cases where a review becomes necessary, either a hard copy of waveforms or a complete written report with an interpretation of the test must be submitted upon request.<br /><br />Normal findings and abnormalities uncovered during the study should be documented with the muscles tested, the presence and type of spontaneous activity, as well as the characteristics of the voluntary unit potentials and interpretation.</p>",,2025-10-14 13:00:49.670000
54975,17,1,<p>N/A</p>,,2026-02-09 16:51:04.123000
54982,28,1,,,2025-05-09 14:48:53.157000
55001,69,1,<p>N/A</p>,,2026-04-30 16:07:45.777000
55028,45,1,<p>N/A</p>,,2025-10-27 12:06:22.190000
55044,18,1,,,2025-09-23 11:39:33.113000
55056,14,1,,,2025-10-27 12:06:23.690000
55061,13,1,,,2026-06-16 19:35:52.427000
55069,26,1,,,2025-08-14 17:49:02.353000
55115,18,1,<p>N/A</p>,,2026-05-05 18:56:37.147000
55136,19,1,<p>N/A</p>,,2024-01-24 13:36:42.887000
55146,17,1,,,2026-04-21 17:09:34.347000
55147,30,1,<p>N/A</p>,,2024-09-17 12:22:13.517000
55161,23,1,,,2023-08-23 17:01:04.930000
55162,20,1,,,2026-07-24 11:52:37.883000
55169,15,1,<p>N/A</p>,,2025-10-22 15:38:30.737000
55175,25,1,,,2025-12-23 19:00:35.507000
55193,15,1,,,2026-04-20 12:22:57.010000
55197,35,1,,,2026-02-20 13:10:20.500000
55200,37,1,<p>N/A</p>,,2025-12-23 17:38:53.597000
55206,18,1,<p>N/A</p>,,2023-11-20 17:27:56.723000
55210,15,1,<p>N/A</p>,,2026-01-22 14:36:51.647000
55215,9,1,,,2025-09-16 14:35:04.873000
55224,37,1,<p>N/A</p>,,2026-06-18 12:38:09.030000
55227,19,1,,,2025-08-14 17:32:58.547000
55229,46,1,,,2026-01-23 14:05:43.863000
55230,18,1,,,2025-12-23 17:56:22.730000
55231,17,1,,,2026-01-22 14:47:58.727000
55233,21,1,,,2024-09-17 14:09:15.737000
55235,15,1,,,2023-07-19 14:22:47.760000
55239,65,1,<p>N/A</p>,,2026-06-24 20:03:12.747000
55264,14,1,<p>N/A</p>,,2026-02-09 16:51:06.533000
55294,34,1,<p>N/A</p>,,2026-02-09 16:51:06.070000
55310,12,1,,,2025-08-28 12:06:50.747000
55315,17,1,,,2025-09-26 22:10:36.750000
55326,40,1,,,2025-10-27 12:06:24.967000
55336,49,1,,,2025-08-21 12:24:18.663000
55354,35,1,,,2023-06-05 13:31:53.183000
55478,12,1,,,2025-09-16 14:35:03.853000
55503,5,1,,,2023-11-22 16:23:07.627000
55530,35,1,,,2025-10-14 13:00:49.847000
55584,19,1,,,2025-09-16 14:35:04.443000
55595,17,1,<p>N/A</p>,,2026-02-09 16:51:04.233000
55596,13,1,<p>N/A</p>,,2026-02-09 16:51:07.823000
55597,24,1,<p>N/A</p>,,2026-02-09 16:51:07.517000
55621,17,1,,,2026-04-21 17:41:21.297000
55623,16,1,<p>N/A</p>,,2026-02-09 16:51:07.673000
55624,34,1,<p>N/A</p>,,2026-02-09 16:51:07.970000
55639,51,1,<p>N/A</p>,,2025-11-18 20:23:20.720000
55672,26,1,,,2026-07-14 22:42:59.750000
55675,25,1,<p>N/A</p>,,2025-10-06 18:48:48.640000
55695,21,1,,,2023-05-23 12:49:05.603000
55703,27,1,,,2026-06-18 15:02:38.083000
55709,11,1,,,2024-04-16 15:08:02.697000
55711,24,1,<p>N/A</p>,,2026-02-09 16:51:03.987000
55715,12,1,,,2025-01-31 19:32:23.020000
55716,11,1,,,2023-11-08 15:14:20.587000
55717,26,1,,,2025-08-18 16:43:45.630000
55723,44,1,,,2023-01-20 12:02:27.797000
55738,17,1,<p>N/A</p>,,2023-06-22 12:58:52.267000
55754,22,1,,,2025-09-16 14:35:04.627000
55769,14,1,,,2025-10-06 18:48:48.950000
55774,13,1,,,2025-09-23 11:39:33.280000
55818,26,1,,,2026-01-23 14:13:19.487000
55835,16,1,,,2026-02-27 17:31:04.620000
55909,46,1,<p>N/A</p>,,2025-11-18 19:04:08.990000
55913,9,1,,,2024-12-17 15:26:40.660000
55937,46,1,,,2026-04-02 15:10:22.820000
55951,21,1,<p>N/A</p>,,2026-06-18 12:51:56.677000
56006,19,1,,,2023-12-21 20:09:49.663000
56025,16,1,,,2025-09-23 11:39:33.787000
56027,14,1,,,2025-12-23 00:21:15.363000
56034,42,1,,,2026-03-04 15:55:05.347000
56065,23,1,,,2022-11-15 01:52:19.983000
56071,23,1,<p>N/A</p>,N/A,2025-10-06 18:48:48.893000
56072,13,1,,,2024-01-23 18:41:24.377000
56083,14,1,,,2026-07-27 17:58:49.137000
56103,14,1,<p>N/A</p>,,2026-02-09 16:51:07.050000
56106,14,1,,,2024-01-30 20:17:52.810000
56141,39,1,,,2020-11-12 22:00:17.003000
56152,35,1,,,2025-10-27 12:06:23.140000
56157,19,1,,,2026-06-18 15:44:55.657000
56159,23,1,,,2026-02-27 19:04:09.963000
56178,21,1,,,2026-07-14 22:43:02.290000
56199,130,1,,,2026-07-16 16:40:38.363000
56232,34,1,<p>N/A</p>,,2025-09-17 16:31:13.063000
56248,12,1,,,2026-07-14 22:42:59.173000
56273,28,1,<p>N/A</p>,,2025-08-22 18:58:44.840000
56287,18,1,,,2024-05-31 13:37:46.927000
56289,14,1,,,2026-02-19 15:38:53.387000
56333,11,1,<p>N/A</p>,,2023-07-19 14:40:42.770000
56335,14,1,<p>N/A</p>,,2025-04-25 18:44:23.473000
56346,27,1,,,2026-06-12 13:28:59.703000
56380,56,1,,,2025-08-26 12:14:59.310000
56384,7,1,,,2019-10-08 18:32:34.983000
56389,36,1,,,2025-08-21 14:33:49.347000
56390,11,1,,,2023-01-10 14:47:11.903000
56391,37,1,,,2025-12-24 19:58:21.830000
56394,32,1,,,2026-07-16 17:21:39.110000
56395,18,1,,,2026-06-16 15:07:49.797000
56396,11,1,,,2023-01-17 15:54:03.993000
56414,41,1,,,2025-09-26 13:53:43.273000
56416,42,1,,,2025-09-26 13:54:31.447000
56419,20,1,,,2023-04-10 13:11:15.733000
56420,16,1,,,2023-01-20 12:04:01.640000
56421,40,1,,,2025-11-10 12:56:14.410000
56422,50,1,,,2026-01-23 14:06:34.357000
56423,59,1,,,2026-01-23 14:07:21.250000
56425,16,1,,,2025-11-26 22:39:00.700000
56431,6,1,,,2021-02-25 20:08:16.837000
56432,25,1,,,2026-02-04 14:06:25.003000
56439,18,1,,,2025-10-31 20:58:08.607000
56448,22,1,,,2025-11-26 22:37:20.310000
56451,26,1,,,2025-09-30 23:46:16.947000
56453,12,1,,,2025-09-18 20:06:23.033000
56454,12,1,,,2026-02-23 17:34:52.803000
56455,12,1,,,2026-02-20 22:00:55.213000
56456,32,1,,,2026-02-20 19:56:10.683000
56457,15,1,,,2026-02-20 19:22:54.450000
56459,30,1,,,2026-04-10 11:43:25.797000
56460,14,1,,,2026-02-20 19:46:01.283000
56461,26,1,,,2026-02-27 14:26:45.583000
56462,32,1,,,2026-02-27 16:11:05.453000
56464,35,1,,,2026-02-27 18:26:52.750000
56465,16,1,,,2026-03-25 18:17:46.797000
56467,14,1,,,2026-03-25 20:03:04.493000
56471,18,1,,,2026-02-20 21:43:00.450000
56476,35,1,,,2025-08-14 14:47:37.890000
56491,25,1,,,2025-03-18 16:49:18.667000
56493,13,1,,,2025-10-31 20:50:57.633000
56494,17,1,,,2026-02-20 21:50:05.450000
56497,20,1,,,2021-02-09 13:54:19.167000
56500,39,1,,,2025-10-31 21:03:23.130000
56502,8,1,,,2023-11-20 14:21:05.533000
56503,12,1,,,2024-12-17 16:47:49.517000
56505,41,1,,,2026-02-20 14:54:44.967000
56514,25,1,<p>N/A</p>,,2025-10-14 13:00:42.577000
56531,19,1,,,2024-08-12 18:11:49.580000
56537,41,1,,,2026-07-14 22:43:03.410000
56538,27,1,,,2025-09-26 13:55:13.927000
56541,40,1,,,2024-01-19 13:04:01.020000
56542,18,1,,,2025-09-26 17:08:20.453000
56544,28,1,,,2026-07-14 22:42:59.020000
56545,14,1,,,2024-11-13 14:10:50.020000
56548,20,1,,,2026-07-14 22:42:59.233000
56549,13,1,,,2026-07-14 22:43:01.600000
56550,12,1,,,2026-07-14 22:43:02.190000
56551,34,1,,,2026-07-14 22:43:04.547000
56558,86,1,,,2025-11-26 13:34:36.870000
56559,26,1,,,2025-08-13 21:55:26.060000
56562,33,1,,,2024-08-08 18:59:19.520000
56566,46,1,,,2026-07-14 22:43:01.977000
56572,22,1,,,2025-10-27 12:06:23.073000
56580,30,1,,,2025-08-14 18:31:13.100000
56584,14,1,,,2023-07-06 14:41:36.987000
56587,48,1,,,2026-02-06 13:52:17.280000
56588,33,1,,,2026-07-16 15:49:12.123000
56594,14,1,,,2026-03-16 18:22:37.220000
56602,39,1,,,2025-01-24 13:51:55.847000
56605,22,1,,,2025-12-22 15:47:48.900000
56607,19,1,,,2025-08-21 14:15:19.040000
56609,18,1,,,2026-07-14 22:42:58.627000
56610,13,1,,,2023-11-06 15:53:06.307000
56611,15,1,,,2025-08-14 16:11:19.143000
56612,35,1,,,2026-07-17 12:41:06.717000
56613,17,1,,,2025-08-14 16:13:18.743000
56614,23,1,,,2025-04-09 14:26:14.143000
56615,36,1,,,2025-09-26 13:56:51.233000
56616,11,1,,,2024-12-13 15:16:30.777000
56617,26,1,,,2026-07-14 22:42:59.333000
56619,33,1,,,2025-08-20 14:53:32.647000
56621,26,1,,,2025-08-14 12:30:33.993000
56625,36,1,,,2025-08-19 15:00:46.830000
56631,19,1,,,2023-10-20 11:53:00.740000
56632,31,1,,,2025-08-14 17:16:03.240000
56633,47,1,,,2023-11-09 23:50:23.017000
56636,20,1,,,2025-10-22 18:51:30.347000
56638,37,1,,,2025-07-09 18:47:27.233000
56639,20,1,,,2025-08-14 13:23:36.790000
56640,16,1,,,2019-09-06 18:27:01.203000
56641,18,1,,,2025-08-14 13:58:38.180000
56642,47,1,,,2025-07-09 18:46:27.890000
56644,29,1,,,2025-09-26 14:04:44.163000
56645,48,1,,,2024-10-18 13:49:36.077000
56647,32,1,,,2023-11-09 23:51:49.853000
56648,19,1,,,2023-10-19 18:16:12.083000
56651,36,1,,,2023-11-09 11:41:10.577000
56653,15,1,,,2024-05-31 13:36:54.777000
56658,42,1,,,2026-01-27 16:16:04.090000
56666,19,1,,,2023-01-20 12:03:14.153000
56669,16,1,,,2024-07-23 15:40:31.867000
56670,61,1,,,2026-04-02 15:32:45.913000
56672,16,1,,,2024-10-18 12:45:48.190000
56673,14,1,,,2024-12-13 15:17:19.270000
56674,11,1,,,2025-04-09 14:28:57.683000
56675,25,1,,,2024-09-05 14:28:59.527000
56679,9,1,,,2024-08-22 14:02:01.950000
56680,44,1,,,2025-10-24 13:18:45.350000
56681,34,1,,,2023-11-09 11:38:02.710000
56682,49,1,,,2025-10-03 12:28:15.217000
56684,17,1,,,2025-09-12 14:35:09.643000
56685,17,1,,,2024-08-26 14:04:30.440000
56686,16,1,,,2024-12-17 17:34:18.780000
56691,28,1,,,2025-08-14 13:49:00.383000
56692,19,1,,,2026-07-27 17:39:25.687000
56695,24,1,,,2025-08-25 13:18:53.060000
56696,43,1,,,2026-03-05 12:45:14.930000
56697,44,1,,,2025-10-31 21:11:10.820000
56703,17,1,,,2024-06-24 12:34:07.997000
56704,10,1,,,2022-03-04 13:36:36.317000
56717,35,1,,,2026-02-04 14:11:04.913000
56718,39,1,,,2026-06-26 12:40:36.353000
56722,23,1,,,2025-09-26 17:44:04.803000
56724,5,1,,,2019-10-09 15:05:14.870000
56726,43,1,,,2026-07-14 22:43:01.733000
56727,21,1,,,2025-08-18 15:58:46.440000
56729,21,1,,,2025-08-25 14:13:13.293000
56730,27,1,,,2026-02-04 14:11:47.100000
56731,16,1,,,2023-12-27 19:22:55.533000
56732,15,1,,,2023-12-20 18:54:09.253000
56737,31,1,,,2026-07-14 22:42:58.877000
56743,26,1,,,2026-07-14 22:42:58.933000
56747,29,1,,,2026-07-14 22:43:00.667000
56748,31,1,,,2026-06-26 12:41:20.083000
56754,4,1,,,2019-09-26 17:24:10.563000
56756,20,1,,,2023-11-03 14:52:03.387000
56758,62,1,,,2026-07-14 22:43:01.297000
56766,25,1,,,2026-07-14 22:43:00.320000
56767,29,1,,,2026-07-14 22:42:59.977000
56769,18,1,,,2025-08-14 15:14:15.403000
56771,25,1,,,2024-09-17 12:35:02.153000
56773,30,1,,,2025-09-26 13:57:32.637000
56774,22,1,,,2025-08-14 11:51:29.530000
56775,24,1,,,2025-08-25 13:56:05.003000
56777,16,1,,,2026-01-27 16:48:12.003000
56779,25,1,,,2026-06-12 20:47:55.900000
56781,39,1,,,2026-07-14 22:43:04.130000
56784,18,1,,,2024-08-12 15:21:08.950000
56786,77,1,,,2026-07-10 13:47:46.533000
56787,24,1,,,2026-07-14 22:43:01.423000
56792,11,1,,,2023-08-07 14:15:22.320000
56793,35,1,,,2026-07-14 22:42:59.807000
56795,34,1,,,2025-04-23 19:27:45.477000
56796,31,1,,,2026-01-23 13:44:53.977000
56797,18,1,,,2026-07-14 22:42:59.697000
56798,29,1,,,2026-07-27 17:53:30.680000
56799,29,1,,,2025-10-30 14:19:04.043000
56802,18,1,,,2025-09-26 22:16:16.490000
56805,41,1,,,2025-09-26 17:13:53.943000
56808,15,1,,,2025-09-26 22:12:16.473000
56809,20,1,,,2025-08-29 17:15:27.267000
56811,13,1,,,2025-09-19 13:08:35.847000
56816,16,1,,,2026-02-20 21:11:46.697000
56818,55,1,,,2026-06-22 17:24:57.057000
56823,22,1,,,2026-07-14 22:43:02.240000
56825,20,1,,,2025-08-14 15:48:46.897000
56826,12,1,,,2026-07-14 22:42:58.563000
56827,17,1,,,2026-07-14 22:42:55.277000
56836,18,1,,,2026-04-29 15:39:35.187000
56837,18,1,,,2026-07-14 22:43:03.070000
56838,13,1,,,2024-05-21 14:16:40.220000
56841,18,1,,,2023-10-20 11:51:57.267000
56844,26,1,,,2026-07-14 22:43:03.027000
56845,12,1,,,2026-07-14 22:43:04.360000
56848,16,1,,,2025-01-24 13:54:22.773000
56850,33,1,,,2026-07-14 22:43:02.743000
56852,24,1,,,2026-01-27 16:20:04.477000
56853,102,1,,,2026-07-21 12:43:22.670000
56857,7,1,,,2021-06-30 12:24:42.630000
56859,7,1,,,2021-02-02 17:28:11.637000
56863,15,1,,,2026-07-14 22:43:03.450000
56865,29,1,,,2026-07-14 22:43:02.643000
56866,21,1,,,2026-06-12 13:29:34.383000
56867,45,1,,,2026-07-14 22:42:59.903000
56868,30,1,,,2025-08-22 19:20:56.300000
56869,12,1,,,2024-12-17 20:18:35.420000
56870,7,1,,,2021-11-16 13:03:11.397000
56871,19,1,,,2024-12-16 20:11:02.057000
56872,10,1,,,2023-07-21 15:01:18.907000
56874,29,1,,,2026-07-14 22:43:03.623000
56875,11,1,,,2021-09-09 12:14:43.137000
56876,18,1,,,2023-12-28 16:40:58.697000
56881,10,1,,,2025-08-01 00:19:51.070000
56884,13,1,,,2023-11-08 17:11:56.853000
56885,14,1,,,2023-11-10 16:46:18.920000
56887,11,1,,,2023-11-15 12:11:45.740000
56898,15,1,,,2021-06-15 12:08:48.117000
56899,11,1,,,2024-10-31 13:10:46.857000
56900,23,1,<p>N/A</p>,,2025-09-17 17:04:28.430000
56902,50,1,<p>N/A</p>,N/A,2026-01-22 20:17:24.217000
56903,15,1,,,2025-06-18 17:23:38.897000
56905,20,1,,,2026-01-22 19:48:02.220000
56906,13,1,,,2022-06-20 12:58:59.423000
56907,24,1,,,2025-12-24 18:56:23.530000
56908,19,1,<p>N/A</p>,,2025-12-24 17:44:44.580000
56910,9,1,,,2025-07-16 16:14:38.410000
56913,13,1,,,2023-07-07 13:48:57.527000
56914,19,1,,,2026-01-22 19:51:09.297000
56915,37,1,,,2026-04-29 14:55:54.240000
56916,33,1,<p>N/A</p>,,2026-04-21 17:37:15.647000
56923,16,1,,,2023-01-20 12:08:35.173000
56924,11,1,,,2023-07-03 13:03:52.667000
56926,17,1,,,2026-07-27 16:44:20.797000
56929,15,1,,,2023-09-14 20:07:55.920000
56933,9,1,,,2022-10-10 12:44:24.133000
56937,43,1,,,2026-07-14 22:43:02.853000
56938,46,1,,,2022-01-14 13:50:48.150000
56940,11,1,,,2025-02-06 19:27:32.867000
56941,7,1,,,2021-10-07 11:42:28.927000
56943,17,1,,,2025-08-22 15:02:45.107000
56948,23,1,,,2025-08-18 19:13:33.120000
56949,7,1,,,2021-04-15 12:17:13.240000
56952,50,1,,,2026-01-23 14:15:06.633000
56953,25,1,,,2022-01-14 13:57:32.370000
56954,6,1,,,2026-07-14 22:43:01.783000
56957,9,1,,,2021-12-22 16:14:23.920000
56961,18,1,,,2025-10-17 11:34:05.823000
56962,8,1,,,2021-09-09 12:21:17.030000
56963,12,1,,,2021-09-29 12:07:10.587000
56973,69,1,,,2026-07-24 12:18:57.457000
56980,12,1,,,2025-06-11 12:08:10.683000
56981,16,1,,,2023-11-08 18:29:32.490000
56982,15,1,,,2025-06-11 12:09:58.930000
56983,12,1,,,2024-08-14 19:41:57.107000
56985,15,1,,,2023-11-08 18:39:49.470000
56988,17,1,,,2025-11-26 22:42:01.697000
56989,11,1,,,2023-11-08 16:59:19.827000
56995,15,1,,,2024-02-28 14:33:00.330000
56997,18,1,,,2025-04-30 19:24:05.710000
56998,10,1,,,2023-11-15 12:09:43.240000
57020,6,1,,,2026-07-14 22:43:00.847000
57021,19,1,,,2024-01-29 16:47:57.563000
57024,16,1,,,2026-07-14 22:42:58.520000
57025,21,1,<p>N/A</p>,,2025-01-24 13:58:48.677000
57029,10,1,,,2022-10-28 13:23:02.550000
57030,11,1,,,2026-07-14 22:42:59.497000
57034,11,1,,,2024-11-08 16:17:10.460000
57037,24,1,<p>N/A</p>,,2026-01-12 13:44:32.327000
57038,16,1,,,2025-08-29 17:00:59.310000
57039,9,1,,,2025-08-29 16:39:28.090000
57040,26,1,,,2026-07-27 17:49:56.430000
57041,21,1,,,2026-04-02 15:40:48.703000
57043,24,1,,,2026-07-27 16:54:52.097000
57044,22,1,,,2026-07-27 17:16:17.913000
57047,11,1,,,2023-12-29 17:47:55.453000
57049,13,1,,,2026-02-27 17:26:37.953000
57050,13,1,,,2026-03-16 18:26:42.510000
57052,18,1,,,2026-04-03 12:59:07.350000
57053,22,1,,,2026-04-02 15:31:15.020000
57054,12,1,,,2026-04-02 15:33:45.277000
57056,44,1,,,2025-10-03 12:29:19.400000
57060,12,1,,,2026-07-14 22:43:04.430000
57063,29,1,,,2025-09-26 17:19:11.057000
57065,32,1,,,2026-05-29 20:46:54.793000
57067,34,1,,,2026-05-29 21:16:57.510000
57068,17,1,,,2026-04-29 16:31:51.347000
57069,25,1,,,2026-05-22 16:03:03.280000
57070,16,1,,,2026-05-29 21:20:00.670000
57071,36,1,,,2026-05-29 21:30:01.640000
57072,17,1,,,2023-06-29 17:20:47.947000
57077,29,1,,,2024-10-18 13:54:49.270000
57079,15,1,,,2026-03-24 16:38:13.263000
57083,14,1,<p>N/A</p>,N/A,2026-02-23 13:14:48.520000
57092,25,1,,,2026-07-14 22:43:00.107000
57100,51,1,,,2026-07-24 12:21:39.553000
57106,12,1,,,2024-01-23 20:39:59.413000
57110,17,1,,,2024-09-17 14:04:25.463000
57112,11,1,<p>N/A</p>,,2024-06-18 13:50:35.530000
57113,44,1,,,2026-01-23 13:45:56.863000
57114,21,1,,,2026-07-17 17:54:54.180000
57115,10,1,,,2026-01-23 14:15:55.937000
57118,3,1,,,2019-10-02 17:03:59.117000
57122,23,1,,,2025-12-12 14:46:47.560000
57123,61,1,,,2025-09-26 17:05:42.530000
57124,21,1,<p>N/A</p>,,2026-01-12 13:44:32.780000
57125,22,1,,,2024-10-18 13:43:39.013000
57130,51,1,,,2025-09-26 13:58:25.640000
57132,19,1,,,2023-12-29 17:42:59.210000
57141,47,1,,,2026-07-24 13:55:30.797000
57143,3,1,,,2019-09-16 16:48:36.650000
57145,32,1,,,2026-01-23 14:16:53.017000
57146,3,1,,,2019-09-16 16:49:39.983000
57149,20,1,,,2026-02-27 19:14:14.483000
57152,2,1,,,2019-09-16 16:36:46.343000
57155,15,1,,,2024-09-30 18:28:44.027000
57160,13,1,,,2026-04-10 11:40:19.043000
57161,22,1,,,2025-12-22 15:21:37.560000
57165,15,1,,,2025-10-27 17:47:50.400000
57170,2,1,,,2019-09-16 18:17:45.983000
57174,2,1,,,2019-09-16 19:16:53.607000
57179,22,1,,,2026-02-20 14:56:44.233000
57181,37,1,<p>N/A</p>,,2025-09-23 19:02:59.393000
57183,23,1,,,2025-12-22 15:16:12.080000
57185,43,1,<p>N/A</p>,,2026-04-03 13:33:13.437000
57186,43,1,<p>N/A</p>,,2026-04-03 13:34:39.093000
57187,39,1,,,2026-06-24 12:20:47.883000
57188,27,1,,,2025-09-26 17:23:31.243000
57189,28,1,,,2025-10-06 18:48:51.333000
57190,11,1,,,2025-10-06 18:48:47.947000
57193,31,1,,,2026-07-27 17:30:25.170000
57195,29,1,,,2025-10-15 21:14:42.533000
57204,45,1,,,2026-05-05 18:30:56.450000
57205,39,1,,,2026-01-23 14:08:15.760000
57206,30,1,<p>N/A</p>,,2025-10-14 13:00:41.997000
57221,25,1,,,2025-10-06 18:48:49.537000
57224,68,1,,,2026-06-03 14:40:10.683000
57237,11,1,<p>N/A</p>,,2025-10-06 18:48:48.720000
57268,21,1,<p>N/A</p>,,2026-01-12 13:44:33.967000
57282,18,1,,,2025-09-30 23:56:42.680000
57284,14,1,,,2026-05-22 16:11:18.840000
57305,14,1,,,2025-10-03 22:20:28.273000
57306,44,1,,,2026-04-10 11:41:13.267000
57307,38,1,,,2026-04-29 16:23:02.693000
57311,35,1,,,2026-07-27 16:46:20.497000
57326,42,1,,,2026-07-31 15:09:20.040000
57329,18,1,<p>N/A</p>,N/A,2026-01-26 13:24:19.920000
57331,61,1,<p>N/A</p>,N/A,2026-07-24 12:49:10.610000
57342,31,1,,,2025-10-27 12:06:20.177000
57356,14,1,<p>N/A</p>,,2025-10-14 13:00:34.390000
57361,46,1,,,2026-01-23 14:09:14.767000
57363,14,1,<p>N/A</p>,,2026-01-12 13:44:33.010000
57372,18,1,<p>N/A</p>,N/A,2026-01-26 13:24:20.077000
57384,53,1,<p>N/A</p>,,2026-07-24 12:45:20.957000
57386,21,1,,,2025-09-19 17:04:13.480000
57414,30,1,,,2025-09-26 13:59:14.443000
57419,16,1,,,2026-01-12 13:44:33.553000
57423,16,1,,,2026-01-12 13:44:33.710000
57427,11,1,,,2026-07-14 22:43:03.987000
57428,10,1,,,2026-07-14 22:43:03.797000
57431,14,1,,,2026-07-14 22:43:00.807000
57432,12,1,<p>N/A</p>,,2026-01-12 13:44:34.027000
57434,35,1,,,2025-09-26 17:30:19.907000
57441,8,1,,,2026-01-12 13:44:33.847000
57449,24,1,,,2025-09-26 17:31:39.990000
57450,14,1,,,2025-09-26 17:32:23.227000
57451,38,1,,,2024-01-19 13:06:50.443000
57452,46,1,,,2026-07-14 22:43:02.477000
57453,5,1,,,2026-07-14 22:43:02.563000
57455,24,1,,,2026-07-14 22:43:04.323000
57473,33,1,<p>N/A</p>,,2025-09-18 19:06:22.050000
57476,22,1,<p>N/A</p>,,2025-08-22 17:27:55.950000
57477,15,1,<p>N/A</p>,,2026-07-24 12:24:42.150000
57478,40,1,<p>N/A</p>,,2025-09-16 18:52:15.150000
57479,18,1,<p>N/A</p>,,2026-01-22 18:00:56.717000
57480,31,1,<p>N/A</p>,,2026-01-22 20:20:20.677000
57481,12,1,<p>N/A</p>,,2024-10-22 12:54:40.803000
57482,25,1,<p>N/A</p>,,2026-07-24 12:37:26.840000
57483,28,1,<p>N/A</p>,,2025-09-18 17:17:08.350000
57484,22,1,<p>N/A</p>,,2026-02-11 19:03:25.337000
57486,10,1,,,2026-01-26 13:24:19.510000
57496,14,1,,,2024-05-10 11:50:10.197000
57497,15,1,<p>N/A</p>,,2025-10-27 12:06:19.960000
57503,17,1,,,2022-03-24 15:26:39.803000
57512,19,1,<p>N/A</p>,,2025-09-04 19:01:26.470000
57515,12,1,<p>N/A</p>,,2025-10-14 13:00:49.940000
57516,12,1,<p>N/A</p>,,2026-01-26 13:24:20.023000
57520,43,1,,,2025-01-24 13:57:27.380000
57526,93,1,<p>N/A</p>,,2026-07-21 12:09:26.330000
57528,5,1,,,2026-07-14 22:43:03.840000
57531,60,1,,,2025-11-26 13:36:14.843000
57540,15,1,,,2025-09-26 17:40:20.540000
57551,14,1,<p>N/A</p>,,2025-12-23 13:54:28.493000
57552,19,1,<p>N/A</p>,,2025-10-22 15:27:02.670000
57554,52,1,<p>N/A</p>,,2026-07-24 12:57:31.533000
57558,11,1,<p>N/A</p>,,2023-03-22 14:33:54.533000
57559,20,1,<p>N/A</p>,,2025-09-17 15:54:44.957000
57560,10,1,<p>N/A</p>,,2025-04-25 19:15:08.463000
57566,13,1,,,2026-05-21 13:55:57.083000
57567,14,1,<p>N/A</p>,,2025-04-25 19:30:21.590000
57568,11,1,<p>N/A</p>,,2023-04-21 17:50:40.300000
57571,9,1,<p>N/A</p>,,2024-11-20 14:19:23.217000
57575,9,1,<p>N/A</p>,,2025-06-18 17:36:04.460000
57576,11,1,<p>N/A</p>,,2023-05-23 15:15:22.120000
57577,7,1,<p>N/A</p>,,2023-08-23 16:56:04.900000
57581,7,1,<p>N/A</p>,,2023-07-19 16:36:05.583000
57583,9,1,,,2025-10-22 17:06:40.350000
57587,9,1,<p>N/A</p>,,2023-12-20 14:49:27.560000
57588,11,1,,,2025-10-22 17:47:44.633000
57589,16,1,<p>N/A</p>,,2023-11-20 15:53:29.770000
57590,15,1,<p>N/A</p>,,2026-01-22 18:52:00.483000
57591,25,1,<p>N/A</p>,,2026-03-20 12:08:47.027000
57592,19,1,,,2026-02-20 13:41:29.567000
57593,17,1,<p>N/A</p>,,2025-09-18 19:39:59.470000
57594,22,1,<p>N/A</p>,,2025-12-23 20:45:44.913000
57595,20,1,<p>N/A</p>,,2026-02-25 12:35:32.393000
57596,19,1,,,2026-01-22 19:54:44.230000
57597,22,1,<p>N/A</p>,,2025-09-16 19:10:40.183000
57598,11,1,,,2026-03-20 12:40:01.413000
57599,14,1,,,2025-09-18 18:43:31.520000
57600,34,1,,,2025-09-26 14:00:00.697000
57604,16,1,,,2024-01-23 16:48:24.863000
57607,15,1,<p>N/A</p>,,2026-01-12 13:44:33.490000
57611,16,1,<p>N/A</p>,,2025-09-09 16:37:28.843000
57612,8,1,<p>N/A</p>,,2025-10-06 18:48:49.023000
57614,15,1,<p>N/A</p>,,2025-09-09 16:38:35.710000
57615,6,1,<p>N/A</p>,,2025-10-06 18:48:51.660000
57618,24,1,<p>N/A</p>,,2025-01-24 13:58:14.950000
57619,8,1,<p>N/A</p>,,2026-01-26 13:24:19.557000
57621,17,1,<p>N/A</p>,,2026-01-12 13:44:33.413000
57630,11,1,<p>N/A</p>,,2024-07-24 17:29:22.337000
57633,8,1,,,2025-01-24 17:53:14.153000
57636,24,1,,,2025-09-26 14:08:29.310000
57637,20,1,,,2025-09-26 17:41:11.417000
57638,7,1,,,2024-01-19 13:57:49.693000
57643,20,1,<p>N/A</p>,,2025-09-04 19:00:33.110000
57647,17,1,,,2023-07-07 12:25:58.210000
57649,9,1,,,2023-10-20 12:29:56.950000
57651,5,1,,,2019-11-21 21:53:25.430000
57657,25,1,,,2024-10-18 14:00:59.780000
57660,6,1,,,2019-11-22 23:00:14.733000
57661,17,1,<p>N/A</p>,,2025-10-14 13:00:42.120000
57663,14,1,,,2026-04-29 16:16:11.273000
57664,11,1,<p>N/A</p>,,2026-01-12 13:44:33.907000
57666,36,1,,,2026-01-23 14:12:39.070000
57667,10,1,,,2020-09-25 15:39:19.043000
57668,45,1,,,2026-07-14 22:43:01.050000
57669,10,1,,,2025-09-26 14:09:18.757000
57670,8,1,,,2026-02-06 14:44:55.920000
57672,6,1,,,2019-11-22 23:07:18.190000
57677,14,1,,,2024-10-18 12:55:41.087000
57678,11,1,,,2025-09-26 14:05:18.617000
57680,9,1,,,2026-01-23 13:41:12.380000
57682,6,1,,,2020-09-25 15:55:53.687000
57683,11,1,<p>N/A</p>,,2025-10-27 12:06:24.203000
57685,15,1,,,2025-12-23 00:27:27.403000
57689,44,1,<p>N/A</p>,,2025-10-27 12:06:23.003000
57692,11,1,<p>N/A</p>,,2025-08-06 17:50:57.530000
57697,16,1,<p>N/A</p>,,2025-09-04 19:02:55.620000
57701,30,1,<p>N/A</p>,,2025-12-22 16:36:18.283000
57706,14,1,<p>N/A</p>,,2025-10-06 18:48:51.783000
57715,55,1,<p>N/A</p>,,2025-12-05 14:36:30.317000
57718,20,1,<p>N/A</p>,,2025-08-06 17:50:58.427000
57726,7,1,,,2023-10-13 11:44:21.237000
57733,12,1,<p>N/A</p>,,2026-04-21 17:05:34.660000
57736,18,1,,,2026-07-14 22:43:04.610000
57751,28,1,,,2026-07-17 17:54:02.423000
57752,18,1,,,2022-02-11 14:12:32.777000
57753,12,1,,,2022-01-14 13:53:24.680000
57755,18,1,,,2024-03-27 14:37:53.073000
57759,36,1,,,2026-07-14 22:43:03.193000
57765,26,1,,,2026-06-18 14:20:03.520000
57767,12,1,,,2024-03-01 14:34:11.760000
57772,81,1,,,2026-07-24 12:17:55.900000
57773,17,1,<p>N/A</p>,,2026-01-12 13:44:33.290000
57778,59,1,,,2026-07-10 13:48:23.023000
57779,8,1,,,2025-01-24 17:40:08.200000
57780,27,1,,,2025-09-26 14:09:56.030000
57787,47,1,,,2026-04-02 15:33:59.483000
57788,41,1,,,2025-12-12 20:04:07.287000
57791,12,1,,,2025-10-06 18:48:51.583000
57804,41,1,,,2025-09-26 14:07:50.987000
57813,8,1,,,2022-01-18 13:52:52.230000
57826,37,1,,,2026-07-14 22:42:59.633000
57831,30,1,,,2026-05-26 14:32:32.940000
57837,30,1,,,2026-05-05 14:16:17.967000
57839,14,1,,,2025-04-04 13:39:26.560000
57842,11,1,<p>N/A</p>,,2026-02-09 16:51:07.747000
57848,19,1,,,2025-09-23 11:39:33.713000
57851,8,1,<p>N/A</p>,,2023-09-19 14:19:23.900000
57858,30,1,<p>N/A</p>,,2026-05-29 16:08:28.940000
57863,41,1,<p>N/A</p>,,2026-06-04 16:49:39.383000
57867,33,1,,,2025-06-30 13:11:56.437000
57868,4,1,,,2021-12-13 14:12:17.457000
57870,26,1,,,2025-04-09 11:07:13.223000
57872,10,1,,,2022-02-11 14:13:27.783000
57873,31,1,,,2026-06-11 15:26:08.073000
57878,26,1,,,2026-05-21 13:36:19.347000
57880,13,1,,,2025-12-11 13:59:03.513000
57884,10,1,,,2025-04-04 13:40:37.377000
57891,39,1,<p>N/A</p>,N/A,2026-05-05 19:48:55.223000
57901,27,1,<p>N/A</p>,,2026-05-26 14:22:43.473000
57910,14,1,,,2023-11-15 12:29:13.887000
57913,11,1,,,2025-09-16 17:35:55.107000
57915,10,1,,,2025-05-13 19:15:55.570000
57917,32,1,,,2026-08-03 13:41:03.367000
57926,25,1,,,2026-03-25 17:53:00.570000
57936,33,1,<p>N/A</p>,,2025-07-23 19:23:13.123000
57944,25,1,<p>N/A</p>,,2026-05-01 12:37:40.183000
57948,38,1,<p>N/A</p>,,2026-06-09 19:34:53.420000
57954,73,1,,,2025-11-10 19:27:28.097000
57970,13,1,<p>N/A</p>,,2026-02-09 16:51:06.290000
57983,6,1,<p>N/A</p>,,2023-12-20 16:25:11.823000
58000,4,1,,,2020-08-18 15:46:41
58008,22,1,,,2026-01-27 16:18:03.500000
58017,55,1,,,2026-07-24 12:44:30.313000
58019,45,1,,,2026-01-12 15:40:43.733000
58021,11,1,,,2022-05-26 13:29:56.893000
58028,23,1,,,2024-01-08 14:34:44.363000
58031,11,1,,,2022-02-18 13:49:44.753000
58038,10,1,,,2023-11-10 16:33:21.963000
58052,9,1,<p>N/A</p>,,2026-01-26 13:24:19.693000
58061,28,1,,,2025-06-26 13:39:43
58063,11,1,,,2023-11-10 16:27:40.800000
58065,19,1,,,2024-01-08 17:49:55.687000
58075,24,1,,,2026-05-15 12:59:23.390000
58095,16,1,<p>N/A</p>,,2026-02-23 13:14:49.620000
58110,22,1,<p>N/A</p>,,2025-04-11 13:05:43.110000
58116,29,1,,,2026-07-14 22:43:00.233000
58120,17,1,<p>N/A</p>,,2026-02-09 16:51:08.157000
58127,19,1,<p>N/A</p>,,2025-09-30 23:50:43.990000
58133,23,1,,,2025-10-14 13:00:35.407000
58136,22,1,<p>N/A</p>,,2025-04-11 13:06:38.370000
58152,13,1,,,2026-07-14 22:42:59.117000
58168,33,1,<p>N/A</p>,,2026-01-13 15:44:01.657000
58170,33,1,<p>N/A</p>,,2026-01-13 15:44:31.640000
58181,24,1,<p>N/A</p>,,2026-01-26 13:24:19.973000
58183,19,1,<p>N/A</p>,,2026-01-26 13:24:19.643000
58205,13,1,<p>N/A</p>,,2026-05-21 14:06:10.983000
58207,34,1,,,2026-01-22 15:22:01.593000
58209,9,1,<p>N/A</p>,,2026-01-22 20:04:10.980000
58211,24,1,,,2025-12-11 14:58:17.450000
58213,16,1,,,2025-04-22 17:24:50.393000
58218,17,1,,,2025-12-26 23:52:21.803000
58223,22,1,,,2026-03-18 13:41:37.413000
58227,20,1,,,2026-02-23 13:14:49.830000
58243,7,1,<p>N/A</p>,,2026-01-23 13:54:24.777000
58250,19,1,,,2026-01-23 14:14:12.680000
58264,8,1,,,2026-01-23 13:55:23.350000
58275,9,1,,,2022-07-01 17:29:40.323000
58277,13,1,,,2025-04-09 14:29:57.063000
58282,14,1,,,2026-07-13 15:33:56.910000
58287,5,1,,,2021-12-29 15:47:22.203000
58294,8,1,,,2026-07-14 22:42:59.070000
58308,18,1,,,2024-09-04 13:37:23.330000
58318,65,1,,,2026-07-24 12:45:43.287000
58321,7,1,,,2021-12-21 15:13:33.270000
58324,35,1,,,2025-11-03 14:14:04.740000
58343,11,1,,,2022-01-28 16:21:56.977000
58350,24,1,,,2026-05-15 13:00:18.070000
58354,15,1,,,2026-01-27 16:42:09.720000
58359,13,1,,,2025-08-29 16:26:45.300000
58362,10,1,,,2023-11-08 14:12:36.560000
58364,39,1,,,2026-07-17 13:58:21.033000
58367,6,1,,,2021-12-28 21:23:47.783000
58371,12,1,,,2023-12-13 11:56:18.860000
58376,67,1,,,2026-07-28 16:15:29.957000
58392,13,1,,,2024-12-17 19:38:02.800000
58395,44,1,,,2026-07-24 12:00:15.873000
58403,27,1,,,2026-05-12 13:14:36.933000
58406,26,1,,,2026-01-20 13:09:53.703000
58410,9,1,,,2022-01-14 13:55:22.233000
58414,11,1,,,2022-01-14 13:47:59.610000
58423,48,1,<p>N/A</p>,,2025-12-05 14:35:37.513000
58428,29,1,,,2026-04-02 15:09:07.887000
58434,34,1,,,2026-03-06 14:02:52.440000
58436,13,1,,,2025-09-04 18:54:29.850000
58454,50,1,<p>N/A</p>,,2026-07-28 13:12:31.703000
58468,41,1,<p>N/A</p>,,2026-07-31 11:43:52.750000
58471,10,1,,,2023-02-15 13:42:16.480000
58473,11,1,,,2026-04-30 14:11:01.450000
58477,22,1,,,2026-05-21 14:03:05.320000
58503,12,1,,,2023-08-22 15:20:42.790000
58559,42,1,,,2026-07-31 14:24:59.617000
58565,52,1,,,2026-08-04 19:42:56.247000
58573,13,1,,,2026-02-06 13:52:48.747000
58575,38,1,<p>N/A</p>,,2026-01-23 14:10:48.890000
58577,33,1,<p>N/A</p>,,2026-01-23 14:18:05.357000
58582,20,1,,,2026-07-27 16:51:59.813000
58592,19,1,,,2025-09-26 14:06:34.093000
58609,7,1,,,2026-07-14 22:43:02.523000
58641,4,1,,,2021-02-10 21:01:14.090000
58649,13,1,,,2026-07-16 16:30:41.967000
58652,29,1,<p>N/A</p>,,2026-07-28 16:14:05.650000
58656,9,1,,,2026-07-14 22:43:03.760000
58664,9,1,,,2024-04-04 12:36:19.843000
58679,38,1,<p>N/A</p>,,2026-08-07 16:28:45.390000
58695,11,1,,,2025-01-13 16:08:10.777000
58700,17,1,,,2026-06-16 16:16:30.033000
58706,12,1,,,2023-11-08 14:53:39.950000
58710,92,1,,,2026-07-28 16:14:49.943000
58713,13,1,,,2026-06-19 22:31:40.893000
58718,16,1,<p>N/A</p>,,2026-06-16 15:27:00.963000
58720,90,1,<p>N/A</p>,,2026-07-28 13:17:14.960000
58731,16,1,,,2025-03-06 18:09:52.510000
58734,20,1,<p>N/A</p>,,2026-07-30 19:18:02.120000
58737,10,1,,,2023-11-15 12:45:38.997000
58741,18,1,<p>N/A</p>,,2026-07-20 21:35:44.533000
58745,21,1,,,2026-07-14 22:42:59.553000
58747,65,1,,,2026-07-02 16:11:42.527000
58756,26,1,<p>N/A</p>,,2026-07-31 11:47:33.317000
58759,13,1,,,2026-06-17 16:58:55.343000
58761,70,1,<p>N/A</p>,,2026-07-31 11:33:27.510000
58774,24,1,<p>N/A</p>,,2026-06-18 15:37:54.073000
58777,11,1,,,2023-11-20 16:38:02.967000
58788,18,1,,,2026-07-23 11:37:16.407000
58795,15,1,,,2025-01-24 17:57:05.390000
58797,15,1,,,2025-01-24 17:58:11.557000
58801,85,1,,,2026-07-10 13:49:04.730000
58808,12,1,,,2023-07-14 11:34:24.390000
58810,11,1,,,2023-07-14 11:34:57.580000
58812,81,1,,,2026-07-10 13:49:41.487000
58814,12,1,,,2026-07-14 22:43:01.090000
58817,6,1,,,2023-11-07 16:43:54.367000
58821,7,1,,,2022-03-09 15:36:34.327000
58828,15,1,,,2026-03-13 13:22:31.947000
58865,24,1,<p>N/A</p>,,2025-10-14 13:00:34.257000
58872,6,1,,,2025-09-26 14:02:42.333000
58873,7,1,,,2025-09-26 14:13:24.860000
58876,12,1,,,2026-01-27 16:23:15.797000
58883,6,1,,,2023-03-08 14:23:30.540000
58893,19,1,<p>N/A</p>,,2026-07-14 22:42:58.323000
58917,101,1,,,2026-07-10 13:50:33.860000
58918,90,1,,,2026-07-10 13:51:17.697000
58921,11,1,,,2026-07-14 22:43:00.763000
58963,11,1,,,2026-07-14 22:43:00.900000
58973,27,1,<p>N/A</p>,,2026-01-26 13:24:19.860000
58982,19,1,,,2025-04-10 12:56:51.410000
58988,24,1,,,2025-04-15 11:39:43.420000
58993,16,1,,,2025-09-04 18:56:44.290000
58996,31,1,<p>N/A</p>,,2026-01-26 13:24:18.377000
58998,19,1,,,2025-04-14 12:10:35.983000
59004,20,1,,,2025-04-25 17:04:30.987000
59015,3,1,,,2023-03-24 13:40:24.883000
59028,12,1,,,2026-01-27 16:14:31.633000
59030,13,1,,,2026-01-27 16:46:36.493000
59032,7,1,<p>N/A</p>,,2026-01-12 13:44:34.417000
59036,23,1,,,2026-02-04 14:04:18.240000
59040,12,1,,,2024-12-23 16:53:11.347000
59042,13,1,,,2024-08-08 18:09:07.987000
59049,16,1,,,2023-11-22 12:43:44.170000
59051,6,1,,,2025-02-06 19:17:00.343000
59066,10,1,,,2025-10-31 21:06:19.193000
59101,28,1,,,2026-07-14 22:43:01.507000
59105,36,1,,,2026-07-24 15:31:36.383000
59109,7,1,,,2023-10-03 12:37:44.780000
59121,3,1,,,2023-03-22 12:01:22.947000
59123,28,1,,,2025-01-03 19:42:36.290000
59125,38,1,,,2025-01-03 19:41:28.923000
59154,13,1,,,2026-03-16 18:20:07.960000
59158,9,1,,,2024-01-02 22:06:16.563000
59160,13,1,,,2025-08-14 18:05:46.753000
59163,7,1,,,2026-02-19 15:23:04.367000
59170,5,1,,,2023-08-22 19:03:44.790000
59175,11,1,,,2026-02-23 13:14:48.307000
59179,10,1,<p>N/A</p>,,2026-01-12 13:44:34.090000
59186,22,1,,,2025-08-25 19:38:59.310000
59192,15,1,,,2024-11-08 16:43:50.027000
59205,3,1,,,2023-01-13 14:25:21.647000
59215,9,1,,,2026-02-27 16:20:48.343000
59233,19,1,,,2026-07-14 22:43:03.280000
59244,18,1,<p>N/A</p>,,2026-02-23 13:14:49.757000
59254,3,1,,,2022-09-20 12:24:34.210000
59257,11,1,,,2024-12-18 15:04:20.337000
59259,8,1,,,2024-11-20 13:59:46.560000
59261,7,1,<p>N/A</p>,,2025-09-17 17:20:52.940000
59268,27,1,,,2025-01-24 14:03:22.823000
59270,26,1,,,2025-01-24 14:03:59.253000
59295,6,1,,,2025-04-16 19:11:30.940000
59299,12,1,,,2025-12-01 15:23:23.663000
59311,10,1,,,2026-07-14 22:42:55.437000
59318,13,1,,,2026-02-19 15:11:00.787000
59323,4,1,,,2024-12-03 17:14:53.753000
59332,15,1,,,2026-04-17 13:36:17.677000
59350,27,1,<p>v</p>,N/A,2026-04-28 18:58:12.990000
59371,7,1,,,2026-02-04 14:05:58
59374,14,1,,,2025-09-18 20:03:02.390000
59380,3,1,<p>N/A</p>,,2024-06-28 13:40:37.267000
59382,4,1,<p>N/A</p>,,2024-06-28 11:41:21.440000
59386,4,1,<p>N/A</p>,,2026-01-12 13:44:34.160000
59416,14,1,<p>N/A</p>,,2026-07-30 19:17:11.120000
59423,4,1,,,2026-02-19 16:30:13.423000
59429,4,1,,,2026-04-20 12:35:40.400000
59434,19,1,<p>N/A</p>,,2025-09-16 17:56:25.770000
59449,2,1,,,2023-06-01 15:03:46.627000
59462,4,1,,,2024-08-01 12:59:19.277000
59466,7,1,,,2026-02-23 13:14:48.870000
59470,4,1,,,2024-06-07 12:15:47.510000
59472,4,1,,,2024-08-01 13:59:00.250000
59474,4,1,,,2025-05-13 19:14:46.277000
59476,4,1,,,2024-08-02 14:22:52.300000
59480,10,1,,,2025-09-18 19:56:26.303000
59482,4,1,,,2025-06-11 12:11:53.130000
59484,8,1,,,2025-01-02 16:02:05.247000
59487,15,1,,,2026-07-14 22:43:04.253000
59491,7,1,,,2023-07-21 14:46:30.860000
59498,10,1,,,2026-01-27 16:44:14.457000
59505,5,1,<p>N/A</p>,,2026-01-12 13:44:34.300000
59509,5,1,<p>N/A</p>,,2026-01-26 13:24:19.183000
59513,4,1,<p>N/A</p>,,2026-01-12 13:44:33.640000
59521,11,1,,,2026-01-12 13:44:34.247000
59529,10,1,,,2025-08-01 00:24:30.977000
59536,7,1,,,2025-01-23 20:22:48.897000
59549,5,1,,,2026-06-18 12:54:10.373000
59551,5,1,,,2026-06-18 12:47:39.090000
59553,11,1,<p>N/A</p>,,2026-01-22 20:10:15.840000
59560,4,1,,,2026-04-16 17:53:00.013000
59561,3,1,,,2023-09-19 20:27:06.123000
59595,4,1,,,2026-07-14 22:43:00.433000
59608,32,1,,,2026-04-04 15:22:20.300000
59624,19,1,,,2026-03-30 15:54:26.840000
59632,23,1,,,2026-07-16 15:39:29.817000
59634,10,1,,,2026-04-02 13:25:16.820000
59636,34,1,,,2026-07-21 12:44:17.323000
59641,35,1,<p>N/A</p>,,2026-07-21 12:13:50.857000
59646,19,1,,,2026-07-24 12:24:46.283000
59649,30,1,<p>N/A</p>,,2026-07-24 11:56:06.630000
59654,4,1,<p>N/A</p>,,2024-05-21 14:17:38.890000
59657,9,1,,,2025-09-16 14:35:04.143000
59664,17,1,,,2026-05-21 13:59:58.013000
59668,29,1,,,2026-04-24 14:05:55.450000
59672,8,1,,,2026-01-27 16:33:59.743000
59674,18,1,,,2026-04-24 14:06:43.707000
59682,4,1,,,2024-12-27 21:50:19.307000
59695,12,1,,,2025-12-23 11:46:35.400000
59707,25,1,,,2026-07-15 22:27:39.040000
59713,5,1,,,2024-05-20 14:00:20.620000
59714,16,1,,,2026-04-02 13:24:43.860000
59716,8,1,,,2026-01-05 14:14:54.887000
59718,10,1,,,2026-01-20 13:10:48.177000
59721,6,1,,,2026-01-16 14:27:39.523000
59723,10,1,,,2026-01-27 16:24:57.067000
59725,3,1,,,2024-05-23 12:18:31.443000
59726,19,1,,,2026-04-04 15:22:57.477000
59727,4,1,<p>N/A</p>,,2024-05-23 22:26:32.123000
59728,4,1,<p>N/A</p>,,2024-05-23 22:28:12.393000
59733,10,1,,,2026-07-14 22:42:58.460000
59752,4,1,,,2025-09-16 14:35:04.500000
59764,16,1,,,2026-01-23 14:18:48.990000
59766,29,1,,,2026-01-23 14:11:37.900000
59769,9,1,,,2025-12-23 12:01:46.870000
59805,20,1,,,2026-07-24 11:49:35.263000
59807,8,1,,,2026-07-27 12:14:39.030000
59808,2,1,,,2024-05-21 16:54:12.910000
59809,10,1,,,2026-04-29 15:08:31.963000
59811,5,1,,,2026-01-20 20:47:46.400000
59813,6,1,,,2026-01-22 18:57:23.467000
59819,18,1,,,2025-09-16 14:35:05.127000
59827,7,1,,,2025-11-10 14:25:37.923000
59835,8,1,,,2026-01-26 13:24:19.450000
59847,8,1,,,2025-09-16 12:46:06.300000
59849,8,1,,,2025-09-18 14:46:43.990000
59860,5,1,,,2025-08-22 15:36:03.847000
59862,7,1,,,2025-09-19 17:11:59.587000
59866,6,1,,,2026-05-28 13:18:08.460000
59868,8,1,,,2026-01-12 13:44:33.783000
59872,9,1,,,2026-01-26 13:24:19.127000
59878,4,1,,,2025-01-24 20:11:21.283000
59880,3,1,,,2025-02-18 17:08:42.027000
59882,9,1,,,2026-05-26 12:23:25.917000
59892,2,1,,,2024-08-16 18:25:16.330000
59898,2,1,,,2024-09-23 12:27:59.273000
59906,6,1,<p>N/A</p>,,2025-10-22 15:46:02.290000
59908,6,1,<p>N/A</p>,,2025-09-17 18:40:36.013000
59915,27,1,,,2026-07-15 21:12:16.790000
59919,5,1,,,2025-11-14 13:10:49.347000
59933,9,1,<p>N/A</p>,,2024-10-04 15:29:35.940000
59939,5,1,,,2025-11-18 17:41:35.430000
59940,5,1,<p>N/A</p>,,2024-10-04 15:30:23.090000
59960,3,1,,,2025-01-31 15:27:56.187000
59971,3,1,,,2025-09-05 14:00:09.340000
59973,7,1,,,2026-07-14 22:42:55.337000
59976,4,1,,,2025-10-27 12:06:19.833000
59981,3,1,,,2025-09-03 10:53:52.303000
60145,6,1,,,2025-07-09 12:21:59.683000
60146,6,1,,,2026-07-08 13:05:47.020000
60151,6,1,,,2025-07-11 15:54:49.273000
60152,8,1,,,2026-07-31 21:13:48.923000
60154,6,1,<p>N/A</p>,,2025-07-11 15:55:34.850000
60155,6,1,<p>N/A</p>,,2026-07-31 21:16:02.007000
60160,6,1,,,2025-07-10 11:35:33.757000
60161,4,1,,,2026-07-08 12:55:18.093000
60176,18,1,,,2026-07-14 22:43:03.670000
60177,5,1,,,2025-05-09 11:26:42.017000
60178,3,1,<p>N/A</p>,,2025-05-06 21:48:45.020000
60179,4,1,<p>N/A</p>,,2025-05-06 21:54:09.697000
60180,4,1,,,2025-05-08 12:36:56.693000
60181,12,1,,,2026-04-06 19:39:37.720000
60184,3,1,,,2025-05-08 17:54:14.010000
60185,11,1,,,2026-04-29 18:55:07.053000
60194,2,1,,,2025-05-06 15:04:53.317000
60195,4,1,,,2025-05-22 20:22:10.487000
60196,4,1,,,2025-05-22 20:22:41.963000
60204,7,1,,,2025-08-18 13:50:43.893000
60205,4,1,,,2026-06-19 12:57:32.033000
60210,3,1,,,2025-05-08 20:58:52.613000
60211,10,1,,,2026-04-06 16:14:57.463000
60212,2,1,,,2025-05-07 16:57:58.700000
60213,13,1,,,2026-04-10 11:53:59.150000
60214,4,1,,,2025-08-21 18:29:10.450000
60215,4,1,,,2026-06-19 12:14:49.350000
60216,4,1,,,2025-08-22 14:21:18.030000
60217,4,1,,,2026-06-19 13:17:57.080000
60221,3,1,,,2025-09-19 13:10:02.360000
60222,4,1,,,2026-05-14 12:45:24.370000
60234,3,1,,,2025-07-17 14:52:46.070000
60235,3,1,,,2025-08-18 14:00:07.690000
60238,3,1,,,2025-08-22 13:39:42.157000
60240,3,1,,,2025-08-21 18:28:20.770000
60244,2,1,,,2025-09-18 15:32:47.137000
60245,3,1,,,2025-11-24 14:22:09.713000
60246,3,1,,,2025-09-19 13:11:24.583000
60247,6,1,,,2026-04-10 14:16:04.017000
60249,5,1,,,2025-09-18 15:33:55.740000
60250,8,1,,,2026-03-26 12:01:44.350000
60255,5,1,,,2025-08-18 13:55:44.863000
60271,2,1,,,2025-08-22 14:02:20.357000
60273,2,1,,,2025-07-11 19:17:48.287000
60274,4,1,,,2026-07-20 18:27:39.073000
60275,2,1,,,2025-07-18 11:41:50.460000
60276,3,1,,,2025-09-03 17:34:46.780000
60278,6,1,,,2025-09-19 13:32:09.787000
60279,4,1,,,2026-04-29 14:04:44.283000
60285,4,1,,,2025-09-19 13:10:55.980000
60286,6,1,,,2026-05-08 13:56:30.920000
60291,2,1,,,2025-09-17 13:34:11.023000
60292,4,1,,,2026-05-08 13:06:00.227000
60293,3,1,,,2025-08-21 18:27:03.210000
60295,3,1,,,2025-09-17 13:30:49.220000
60297,3,1,,,2025-09-19 13:12:09.110000
60299,3,1,,,2025-09-16 18:35:54.857000
60301,3,1,,,2025-09-18 14:45:05.697000
60304,3,1,,,2025-09-18 15:45:10.327000
60305,2,1,<p>N/A</p>,,2025-08-19 14:40:00.107000
60306,3,1,<p>N/A</p>,,2026-06-18 15:27:16.780000
60307,3,1,,,2025-09-15 16:48:05.410000
60309,3,1,<p>N/A</p>,,2025-09-15 17:12:37.390000
60314,5,1,,,2025-09-05 17:38:49.100000
60315,4,1,,,2026-03-27 16:53:30.737000
60317,4,1,,,2025-09-05 17:42:48.637000
60318,5,1,,,2026-03-27 16:54:22.653000
60321,2,1,<p>N/A</p>,,2025-09-16 17:46:47.973000
60323,3,1,,,2026-01-08 13:42:51.090000
60324,3,1,,,2026-07-16 16:40:38.430000
60325,2,1,,,2025-09-18 18:47:23.953000
60333,12,1,,,2026-02-13 17:53:58.510000
60340,11,1,,,2026-02-13 17:54:53.977000
60360,4,1,,,2026-01-09 13:29:32.193000
60361,7,1,,,2026-08-05 19:02:09.683000
60363,4,1,,,2026-01-26 17:04:04.167000
60374,4,1,,,2026-01-09 14:50:40.090000
60375,5,1,,,2026-08-06 16:15:06.207000
60376,3,1,,,2026-01-08 15:31:18.620000
60377,5,1,,,2026-08-06 19:12:06.510000
60380,5,1,,,2026-01-08 19:38:16.410000
60381,3,1,,,2026-07-16 16:40:37.797000
60390,3,1,,,2026-01-22 17:54:23.277000
60391,4,1,,,2026-08-06 15:10:18.820000
60393,2,1,,,2026-01-22 19:04:57.267000
60397,5,1,,,2026-01-16 23:44:17.267000
60407,4,1,,,2026-05-13 18:27:50.553000
60409,2,1,,,2026-03-27 12:42:33.353000
60410,6,1,,,2026-05-14 12:42:23.887000
60418,3,1,,,2026-05-14 11:53:39.650000
60420,5,1,,,2026-05-14 12:48:21.730000
60422,3,1,,,2026-04-16 11:46:35.130000
60423,12,1,,,2026-05-08 16:15:01.170000
60425,4,1,,,2026-05-08 16:16:01.430000
60432,4,1,,,2026-05-14 20:00:12.213000
60435,3,1,,,2026-05-12 00:12:23.737000
60462,3,1,,,2026-06-26 12:56:59.640000
60507,2,1,,,2026-07-24 20:50:48.077000
