article_id,article_version,icd10_noncovered_group,paragraph,last_updated
52369,17,1,"<p>For CPT codes 29999, 29877, G0289 that are performed for nationally non-covered indications please report the ICD-10-CM codes below for osteoarthritis or knee pain and append the &#8211;GA or &#8211;GZ modifier as applicable</p>",2025-12-22 15:54:37.533000
52370,135,1,,2026-07-31 17:44:07.420000
52379,10,1,"<p><strong>There are no diagnoses for which this service is covered. The following diagnoses are identified herein to emphasize that we have specifically considered them and have determined that this service is not covered for them.</strong></p>
<p>When billing CPT code 87641 for screening purposes (statutorily non-covered), ICD-10-CM codes, including but not limited to those listed below, may be reported. The &ndash;GY modifier should be reported, as applicable.<br />Group 1: Codes</p>",2023-11-17 21:59:58.677000
52399,75,1,,2026-07-07 14:19:53.090000
52420,64,1,,2025-12-22 14:16:58.847000
52421,23,1,,2023-09-22 19:00:52.670000
52423,84,1,,2024-09-19 20:53:55.297000
52430,12,1,,2025-11-26 22:23:51.167000
52432,14,1,,2023-11-07 17:38:39.927000
52434,51,1,,2024-09-20 16:59:09.480000
52435,14,1,"<p>Any diagnosis not listed in the ""ICD-10 Codes That Support Medical Necessity"" section.</p>",2025-11-26 22:25:16.863000
52437,17,1,,2025-11-26 22:26:52.120000
52438,22,1,,2025-09-18 20:45:45.443000
52447,30,1,,2021-09-24 13:06:32.713000
52448,24,1,,2025-09-17 14:20:33.123000
52450,83,1,,2026-06-12 01:18:49.300000
52451,89,1,,2026-07-24 15:36:33.933000
52453,49,1,,2025-09-17 14:17:07.550000
52457,65,1,"<p>For the specific HCPCS codes indicated above, all ICD-10 codes that are not specified in the preceding section. For all other HCPCS codes, diagnoses are not specified.</p>",2026-04-03 00:25:33.113000
52458,40,1,<p>All ICD-10 codes that are not specified in the previous section.</p>,2026-04-15 12:41:36.793000
52459,23,1,,2022-04-07 21:36:30.220000
52460,16,1,,2022-04-07 21:37:19.487000
52461,21,1,,2022-04-07 21:38:51.480000
52462,32,1,,2025-09-11 13:46:37.773000
52463,32,1,,2025-09-11 13:48:26.507000
52464,65,1,<p>All ICD-10 codes that are specified in the previous section.</p>,2026-04-15 12:46:45.533000
52465,72,1,"<p><span style=""line-height: 115%;"">For the specific HCPCS codes indicated above, all ICD-10 codes that are not specified in the previous section.</span></p>",2026-04-01 18:31:26.287000
52466,87,1,"<p>For the specific HCPCS codes indicated above, all ICD-10 codes that are not specified in the previous section.<br /><br />For HCPCS codes A7009, E0575, J7604, J7607, J7609, J7610, J7615, J7622, J7624, J7627, J7628, J7629, J7632, J7634, J7635, J7636, J7637, J7638, J7640, J7641, J7642, J7643, J7645, J7647, J7650, J7657, J7660, J7667, J7670, J7676, J7680, J7681, J7683, J7684, and J7685, all ICD-10 codes.<br /><br />For all other HCPCS codes, ICD-10 codes are not specified.</p>",2026-06-10 15:25:06.760000
52467,54,1,<p>All ICD-10 codes that are not specified in the preceding section.</p>,2024-05-08 15:56:44.047000
52468,22,1,<p>All ICD-10 codes that are not specified in the preceding section.</p>,2022-04-07 21:44:53.100000
52469,28,1,,2024-10-09 18:19:01.017000
52470,19,1,,2026-07-27 18:03:29.260000
52474,40,1,<p>All diagnoses that are not specified in the section ICD-10 Codes that are Covered. <br /></p>,2025-09-12 13:35:43.410000
52476,27,1,,2022-04-07 14:02:30.017000
52477,16,1,,2022-04-07 14:09:34.507000
52478,26,1,"<p><span style=""line-height: 107%;"">All ICD-10 codes and diagnoses that are not specified in the preceding section. </span></p>",2025-10-03 15:02:26.363000
52479,73,1,<p>All codes not listed in the previous section.</p>,2025-12-31 13:50:40.550000
52480,90,1,<p>All codes not listed in the previous section.</p>,2025-12-31 14:02:27.010000
52481,30,1,"<p>For the specific HCPCS code indicated above, all ICD-10 codes that are not specified in the previous section. <br /> <br /> For all other HCPCS codes, ICD-10 codes are not specified.</p>",2025-03-27 12:56:19.380000
52487,33,1,"<p>For all HCPCS codes except A4331, A4364, A4402, A4450, A4452, A4455, A4456, A5102, A5120. All ICD-10 codes that are not specified in the previous section.</p>",2025-04-03 16:17:00.693000
52489,24,1,,2022-04-07 14:19:18.927000
52490,27,1,<p>All ICD-10 codes that are not specified in the previous section.</p>,2022-04-07 14:19:58.917000
52492,22,1,<p>All codes that are not specified in the previous section. <br /></p>,2026-05-05 16:08:57.367000
52494,63,1,<p>All ICD-10 codes that are not specified in the previous section.</p>,2025-09-11 14:03:16.003000
52495,18,1,,2022-04-07 16:51:16.723000
52496,64,1,,2026-06-11 15:17:17.270000
52497,35,1,,2024-06-05 19:22:53.547000
52498,64,1,,2026-04-03 00:26:19.670000
52499,23,1,,2022-05-18 17:35:40.440000
52500,46,1,,2026-04-03 00:26:44.600000
52501,47,1,,2024-11-26 12:52:37.430000
52502,20,1,,2022-04-07 16:49:20.337000
52503,26,1,,2025-10-23 17:00:08.400000
52504,61,1,,2026-04-03 00:27:07.030000
52505,80,1,,2026-05-21 16:54:43.107000
52507,156,1,"<p><span style=""line-height: 107%;"">For the specific HCPCS codes indicated above, all ICD-10 codes that are not specified in the previous section.</span></p>
<p><span style=""line-height: 107%;"">For all other HCPCS codes, ICD-10 codes are not specified.</span></p>",2026-01-27 18:51:06.223000
52508,39,1,,2022-04-07 12:33:09.480000
52509,73,1,<p>All codes not listed in the previous section.</p>,2026-06-19 14:05:58.763000
52510,61,1,"<p><span style=""line-height: 107%;"">All ICD-10 codes that are not specified in the previous section.</span></p>",2025-09-12 13:51:39.173000
52511,28,1,,2022-04-07 12:40:02.110000
52512,46,1,<p>All ICD-10 codes that are not specified in the preceding section.</p>,2024-05-09 18:55:43.130000
52513,50,1,,2026-07-02 18:30:37.287000
52514,61,1,<p>For all claims submitted with the N3 modifier.</p>,2024-05-09 18:59:28.427000
52516,26,1,,2023-09-20 13:41:37.447000
52517,50,1,,2025-10-03 14:40:04.790000
52518,36,1,,2023-05-11 16:30:31.927000
52519,39,1,"<p><span style=""line-height: 107%;"">For A4605 and A4624 &ndash; All codes not listed above<br /> <br /> For A7002, A7047 and E0600 - G47.33<br /> <br /> For the remaining codes in this LCD - Not specified<br /> <br /> </span></p>",2024-05-09 18:57:25.660000
52520,31,1,"<p><span style=""line-height: 107%;""><br /><br /></span></p>",2022-11-11 14:43:17.453000
52521,55,1,"<p>For the specific HCPCS codes indicated above, all ICD-10 codes that are not specified in the preceding section.<strong><span style=""line-height: 107%;""><br /> <br /> </span></strong></p>",2026-04-02 16:24:24.030000
52527,90,1,,2026-04-24 12:57:21.350000
52535,14,1,,2026-07-27 18:01:49.987000
52537,11,1,,2023-12-29 17:39:23.183000
52571,143,1,,2026-07-10 13:46:46.877000
52711,22,1,,2022-04-07 21:46:31.153000
52712,25,1,Not Applicable,2022-04-07 21:47:16.270000
52713,18,1,,2022-04-07 14:00:02.520000
52800,98,1,,2026-07-10 12:17:53.910000
52825,12,1,,2024-01-16 14:52:38.157000
52830,9,1,,2019-11-08 18:57:38.753000
52837,21,1,,2024-12-19 15:52:55.200000
52840,3,1,,2014-04-01 20:26:59
52841,4,1,,2016-09-22 21:24:08.913000
52842,18,1,,2023-11-17 21:52:18.337000
52845,8,1,,2023-10-06 15:24:41.653000
52849,36,1,,2023-12-21 15:24:40.860000
52850,56,1,,2025-12-22 18:44:57.067000
52855,31,1,,2024-01-04 13:46:54.103000
52863,59,1,,2025-12-22 15:48:34.380000
52866,35,1,,2024-12-19 16:04:28.460000
52868,46,1,,2024-12-19 12:58:08.187000
52870,38,1,"<p>Use of any ICD-10-CM code not listed in the ""ICD-10-CM Codes that Support Medical Necessity"" section of this article will be denied.</p>
<p>In addition, the ICD-10-CM codes listed below are specifically included as not supporting medical necessity for emphasis, and to avoid any provider errors.</p>
<p>CPT codes 36465, 36466, 36470, 36471, 36473, 36474, 36475, 36476, 36478, 36479, 36482, 36483, 37700, 37718, 37722, 37735, 37760, 37761, 37765, 37766, 37780 and 37799 (when used to report ""Trivex Procedure""), submitted for any of the following ICD-10-CM codes will be denied as not medically necessary:</p>",2024-12-19 13:27:21.610000
52917,4,1,,2023-11-22 16:25:23.597000
52918,5,1,,2023-11-22 18:30:28.610000
52986,242,1,<p>All those not listed under the &ldquo;ICD-10-CM Codes that Support Medical Necessity&rdquo; section of this article.</p>,2025-04-25 17:28:18.147000
52992,30,1,"<p>All ICD-10 codes not listed under the ""ICD-10 Codes that Support Medical Necessity"" section of this article.</p>",2025-04-11 13:01:11.570000
52993,54,1,"<p>All those not listed under the ""ICD-10-CM Codes that Support Medical Necessity"" section of this article.</p>",2024-10-18 13:42:55.753000
52996,31,1,<p>All those not listed under the &ldquo;ICD-10 Codes that Support Medical Necessity&rdquo; section of this article.</p>,2025-09-26 13:52:29.940000
52998,50,1,"<p>All those not listed under the ""ICD-10-CM Codes that Support Medical Necessity"" section of this article.</p>",2026-01-23 14:04:07.337000
53001,45,1,,2026-01-23 14:04:57.350000
53006,14,1,,2019-12-12 15:59:00.587000
53008,56,1,,2025-09-23 18:03:56.830000
53018,14,1,,2023-11-20 14:38:49.327000
53019,15,1,,2025-07-15 16:38:48.047000
53020,3,1,,2014-04-01 20:36:45
53021,141,1,,2026-07-10 18:50:56.660000
53024,22,1,,2024-03-13 14:59:57.883000
53026,65,1,<p>N/A</p>,2025-12-22 16:12:03.690000
53032,145,1,<p>N/A</p>,2026-07-08 13:31:30.760000
53033,141,1,,2026-07-08 13:35:48.707000
53043,16,1,,2026-06-19 12:08:46.053000
53047,17,1,,2021-12-29 16:33:30.127000
53052,48,1,"<p><span style=""line-height: 115%;"">Any ICD-10 codes not listed in the <strong><em>ICD-10-CM Codes that Support Medical Necessity</em></strong> section of this article may be subject to medical review.</span></p>",2025-08-19 18:16:46.930000
53053,14,1,,2022-05-12 13:18:15.233000
53055,13,1,,2019-04-04 21:20:46.717000
53056,15,1,,2024-11-27 17:20:58.903000
53057,67,1,,2026-02-04 14:15:19.770000
53058,65,1,,2026-02-04 14:13:53.673000
53060,48,1,,2025-08-14 12:47:20.910000
53064,87,1,,2026-02-04 14:07:36.720000
53065,76,1,,2026-02-04 14:10:39.807000
53066,99,1,,2026-07-09 15:36:16.543000
53084,28,1,,2023-11-14 16:35:25.500000
53095,28,1,,2024-09-05 14:24:29.023000
53101,46,1,,2024-08-29 13:10:24.490000
53104,32,1,,2022-01-18 13:18:14.220000
53105,22,1,,2019-10-16 21:55:24.190000
53106,16,1,,2017-04-20 13:39:36.070000
53127,193,1,,2026-07-10 13:46:05.577000
53134,84,1,<p>All those not listed under the &ldquo;ICD-10 Codes that Support Medical Necessity&rdquo; section of this article.</p>,2023-11-22 12:43:03.740000
53296,23,1,,2025-10-06 12:11:07.323000
53304,16,1,,2023-11-14 16:25:55.620000
53322,16,1,,2023-11-16 19:22:42.950000
53352,13,1,,2023-11-14 16:30:14.247000
53356,14,1,"<p><b>ICD-10-CM code Z30.2, sterilization should be noted in Item 24E of the CMS-1500 claim form or the electronic equivalent:</b></p>",2023-11-16 19:28:44.467000
53359,40,1,,2026-06-17 15:00:09.127000
53387,35,1,,2026-06-26 12:42:12.327000
53399,13,1,,2019-11-07 15:59:39.850000
53423,16,1,,2019-09-30 14:29:56.333000
53435,11,1,,2023-01-11 18:34:32.490000
53441,10,1,,2019-09-26 17:30:03.907000
53444,14,1,,2023-01-10 20:56:52.950000
53446,6,1,,2017-10-10 15:38:51.823000
53472,18,1,,2019-12-03 21:10:27.240000
53480,14,1,,2019-10-15 14:36:38.483000
53482,13,1,,2019-10-24 00:19:11.030000
53484,18,1,,2026-05-04 13:10:02.697000
53488,11,1,,2019-10-02 12:44:20.717000
53495,11,1,,2024-11-12 14:59:57.407000
53497,15,1,,2023-01-11 13:47:04.490000
53531,22,1,,2024-09-09 13:22:00.833000
53538,15,1,,2019-10-15 15:07:32.130000
53558,29,1,,2022-01-18 12:58:03.970000
53605,21,1,,2021-07-08 12:10:04.620000
53702,19,1,,2019-11-11 14:30:33.477000
53708,16,1,,2019-10-30 14:47:41.283000
53773,20,1,,2024-01-12 15:56:27.973000
53775,34,1,,2025-01-07 15:40:50.567000
53778,14,1,,2019-09-25 21:21:37.720000
53781,17,1,,2024-01-11 16:38:49.767000
53784,15,1,<p>Z00.6</p>,2020-08-12 19:50:20.300000
53793,38,1,<p>All other diagnosis codes will be denied as non-covered.</p>,2026-01-27 16:36:00.213000
53883,26,1,"<p>All those not listed under the ""ICD-10-CM Codes that Support Medical Necessity"" section of this article.</p>",2024-03-01 14:33:37.490000
53893,11,1,,2025-09-11 23:12:00.220000
53916,12,1,,2023-11-08 18:55:41.143000
53931,6,1,,2024-11-07 19:04:06.820000
53972,10,1,,2023-11-08 19:00:24.153000
53986,18,1,,2024-12-04 18:18:01.270000
53988,20,1,,2024-12-04 17:54:48.143000
54018,33,1,,2023-07-21 17:08:27.563000
54021,26,1,,2024-05-24 15:25:57.870000
54061,23,1,,2025-12-22 15:12:01.593000
54095,68,1,"<p><br />All those not listed under the ""ICD-10-CM Codes that Support Medical Necessity"" section of this article.</p>",2025-09-26 17:04:56.270000
54111,50,1,<p>All those not listed under the &ldquo;ICD-10-CM Codes that Support Medical Necessity&rdquo; section of this article.</p>,2025-09-26 17:14:53.833000
54117,88,1,<p>N/A</p>,2026-01-23 13:39:50.970000
54188,33,1,,2024-08-28 20:13:46.583000
54191,27,1,,2023-11-08 18:44:30.033000
54192,22,1,,2024-05-29 21:01:58.990000
54194,23,1,,2023-11-14 18:27:57.610000
54195,22,1,,2023-11-15 12:11:05.683000
54196,20,1,,2023-11-15 12:12:26.507000
54257,14,1,,2023-11-08 16:53:27.493000
54269,14,1,,2023-11-14 18:04:43.300000
54270,16,1,,2023-11-14 18:06:31.850000
54283,15,1,,2023-11-15 12:26:18.483000
54295,27,1,,2023-11-10 16:31:05.123000
54300,16,1,,2023-11-07 15:46:52.137000
54327,7,1,,2023-11-07 15:11:38.760000
54338,55,1,,2025-08-29 17:41:30.183000
54386,38,1,<p>N/A</p>,2024-08-29 12:08:32.903000
54418,28,1,<p>N/A</p>,2023-11-22 15:31:11.223000
54422,21,1,<p>N/A</p>,2024-05-24 11:58:39.247000
54445,27,1,<p>N/A</p>,2023-11-22 16:55:45.023000
54472,30,1,,2023-02-20 19:12:21.977000
54480,16,1,,2025-09-22 13:50:29.253000
54484,13,1,,2025-09-18 20:04:08.457000
54498,24,1,<p>N/A</p>,2023-11-22 15:32:47.730000
54516,48,1,,2026-04-08 14:06:14.850000
54543,21,1,,2025-09-22 11:56:22.917000
54548,36,1,,2025-09-17 14:15:48.317000
54555,18,1,,2024-01-12 16:25:49.543000
54559,12,1,,2021-08-30 15:52:16.347000
54563,54,1,,2024-11-25 13:05:37.650000
54602,25,1,<p>Claims for removal of benign skin lesions performed merely for cosmetic reasons should be submitted with ICD-10-CM code Z41.1</p>,2025-12-22 16:31:51.863000
54610,3,1,,2023-11-07 12:31:09.630000
54611,5,1,,2023-11-07 12:27:57.403000
54612,4,1,,2023-11-15 17:57:45.813000
54613,3,1,,2023-11-07 12:27:00.817000
54635,31,1,,2023-11-08 19:11:27.410000
54641,13,1,,2023-11-17 12:43:00.363000
54643,13,1,,2023-11-17 12:44:31.620000
54660,14,1,,2023-11-17 12:42:28.020000
54682,34,1,,2024-01-25 15:14:26.240000
54685,17,1,,2023-11-08 15:22:47.920000
54686,22,1,,2024-09-14 23:02:26.877000
54688,23,1,,2023-11-08 18:48:22.270000
54689,32,1,,2023-11-07 18:21:11.067000
54750,13,1,,2019-10-28 17:04:55.183000
54767,71,1,,2026-05-01 12:54:23.600000
54768,38,1,,2025-08-14 14:11:36.620000
54769,27,1,,2022-01-18 13:00:18.327000
54795,42,1,<p>N/A</p>,2024-03-15 10:14:22.863000
54799,67,1,,2026-05-01 12:53:41.900000
54812,7,1,,2017-10-30 13:34:24.910000
54830,9,1,,2024-04-05 20:59:32.533000
54831,28,1,,2023-08-24 15:36:23.580000
54832,14,1,,2024-03-28 13:08:54.867000
54880,10,1,,2025-06-05 17:08:18.780000
54901,27,1,,2024-03-15 17:01:26.080000
54909,25,1,,2023-09-22 19:02:46.937000
54919,22,1,,2025-06-23 20:12:18.447000
54923,45,1,<p>Those not listed.</p>,2026-01-22 14:31:43.333000
54926,25,1,<p>All those not listed under the &ldquo;ICD-10-CM Codes that Support Medical Necessity&rdquo; section of this article.</p>,2025-05-09 14:50:07.657000
54929,40,1,,2025-09-18 16:52:51.317000
54953,70,1,<p>N/A</p>,2026-02-20 13:00:23.120000
54954,28,1,"<p>All those not listed under the ""ICD-10 Codes that Support Medical Necessity "" section of this article.</p>",2023-01-20 14:21:01.943000
54958,28,1,<p>N/A</p>,2025-12-24 18:28:57.350000
54961,21,1,,2026-04-02 15:20:29.723000
54969,52,1,"<p><span style=""color: #000000; text-transform: none; text-indent: 0px; letter-spacing: normal; font-family: Verdana, Arial, Helvetica, sans-serif; font-size: 14px; font-style: normal; font-weight: 400; word-spacing: 0px; float: none; display: inline !important; white-space: normal; orphans: 2; widows: 2; background-color: #ffffff; -webkit-text-stroke-width: 0px; font-variant-ligatures: normal; font-variant-caps: normal; text-decoration-style: initial; text-decoration-color: initial;"">All diagnoses not listed in the ""ICD-10 Codes that Support Medical Necessity.""</span></p>",2025-09-22 11:54:20.780000
54975,17,1,<p>N/A</p>,2023-11-22 15:12:08.720000
54982,28,1,<p>All those not listed under the &ldquo;ICD-10-CM Codes that Support Medical Necessity&rdquo; section of this article.</p>,2025-05-09 14:48:53.230000
55001,69,1,,2026-04-30 16:07:55.707000
55028,45,1,<p>N/A</p>,2025-10-08 13:33:18.230000
55044,18,1,,2023-11-22 19:02:01.367000
55056,14,1,,2023-11-17 12:43:34.080000
55058,7,1,,2023-11-16 19:29:34.070000
55061,13,1,,2026-06-16 19:35:52.493000
55069,26,1,,2025-08-14 17:49:02.430000
55115,18,1,<p>N/A</p>,2026-05-05 18:56:37.180000
55136,19,1,<p>N/A</p>,2024-01-24 13:36:42.900000
55146,17,1,,2026-04-21 17:09:34.380000
55147,30,1,<p>N/A</p>,2024-09-17 12:22:14.090000
55161,23,1,,2023-08-23 17:01:05.497000
55162,20,1,,2026-07-24 11:52:37.970000
55169,15,1,<p>N/A</p>,2025-10-22 15:38:30.750000
55175,25,1,,2025-12-23 19:00:35.980000
55193,15,1,<p>N/A</p>,2026-04-20 12:22:57.090000
55197,35,1,,2026-02-20 13:10:20.510000
55200,37,1,<p>N/A</p>,2025-12-23 17:38:53.760000
55206,18,1,<p>N/A</p>,2023-11-20 17:27:56.730000
55210,15,1,<p>NA</p>,2026-01-22 14:36:51.683000
55215,9,1,,2023-11-16 19:23:06.710000
55224,37,1,<p>N/A</p>,2026-06-18 12:38:09.190000
55227,19,1,,2025-08-14 17:32:58.570000
55229,46,1,<p>All those not listed under the &ldquo;ICD-10 Codes that Support Medical Necessity&rdquo; section of this article.</p>,2026-01-23 14:05:44.033000
55230,18,1,,2025-12-23 17:56:22.903000
55231,17,1,,2026-01-22 14:47:58.770000
55233,21,1,,2024-09-17 14:09:15.760000
55235,15,1,<p>N/A</p>,2023-07-19 14:22:47.767000
55239,65,1,<p>N/A</p>,2026-06-24 20:03:12.790000
55264,14,1,<p>N/A</p>,2023-11-22 16:47:04.117000
55294,34,1,<p>N/A</p>,2025-08-29 14:09:45.277000
55310,12,1,,2025-08-28 12:06:50.777000
55315,17,1,,2025-09-26 22:10:37.763000
55326,40,1,,2023-11-16 19:26:40.460000
55336,49,1,,2025-08-21 12:24:21.747000
55354,35,1,"<p><span style=""line-height: 115%;"">All those not listed under the <strong><em>ICD-10-CM Codes that Support Medical Necessity </em></strong>section of this article. </span></p>",2023-06-05 13:31:53.540000
55426,132,1,,2026-06-24 19:02:21.360000
55478,12,1,,2023-11-08 19:17:03.293000
55503,5,1,,2023-11-22 16:23:07.633000
55505,5,1,,2023-11-22 16:22:29.043000
55530,35,1,,2025-06-20 20:58:13.197000
55584,19,1,,2023-11-08 19:11:50.350000
55595,17,1,<p>N/A</p>,2024-09-09 15:11:52.270000
55596,13,1,<p>N/A</p>,2023-11-22 18:55:46.790000
55597,24,1,<p>N/A</p>,2023-11-22 18:26:57.367000
55621,17,1,<p>NA</p>,2026-04-21 17:41:21.307000
55623,16,1,<p>N/A</p>,2023-11-22 18:53:25.250000
55624,34,1,<p>N/A</p>,2024-03-15 16:08:50.813000
55639,51,1,<p>N/A</p>,2025-11-18 20:23:25.030000
55672,26,1,<p>All those not listed under the &ldquo;ICD-10 Codes that are Covered&rdquo; section of this article.</p>,2023-11-20 14:31:32.253000
55675,25,1,"<p>All those not listed under the ""ICD-10 Codes that are Covered"" section of this article.</p>",2023-11-16 19:14:19.857000
55695,21,1,,2023-05-23 12:49:05.617000
55703,27,1,<p>All those not listed under the &ldquo;ICD-10 Codes that Are Covered&rdquo; section of this policy.</p>,2026-06-18 15:02:38.733000
55709,11,1,,2024-04-16 15:08:02.707000
55710,16,1,,2025-12-23 18:12:33.203000
55711,24,1,<p>N/A</p>,2025-09-18 19:52:22.370000
55715,12,1,,2025-01-31 19:32:23.030000
55716,11,1,,2023-11-08 15:14:20.597000
55717,26,1,,2025-08-18 16:43:49.853000
55719,15,1,,2023-11-16 19:28:20.053000
55723,44,1,"<p>All those not listed under the ""ICD-10 Codes that are Covered"" section of this article.</p>",2023-01-20 12:02:28.327000
55738,17,1,<p>NA</p>,2023-06-22 12:58:52.280000
55754,22,1,,2023-11-14 16:22:56.433000
55757,5,1,,2017-10-13 17:25:42.050000
55769,14,1,,2023-11-22 16:09:29.327000
55774,13,1,,2025-06-20 18:55:24.610000
55818,26,1,,2026-01-23 14:13:19.530000
55835,16,1,,2026-02-27 17:31:04.690000
55909,46,1,<p>N/A</p>,2025-11-18 19:04:13.420000
55913,9,1,,2024-12-17 15:26:40.677000
55937,46,1,<p>All those not listed under the &#8220;ICD-10-CM Codes that Support Medical Necessity&#8221; section of this article.</p>,2026-04-02 15:10:23.627000
55951,21,1,,2026-06-18 12:51:56.750000
55958,6,1,,2024-02-28 15:20:28.150000
56006,19,1,,2023-12-21 20:09:49.673000
56025,16,1,,2023-11-08 18:56:50.887000
56027,14,1,,2025-12-23 00:21:15.377000
56034,42,1,"<p>All the ICD-10-CM codes listed below <strong>DO NOT</strong> support medical necessity and will deny when billing 64450 <strong>WITH</strong> 76881, 76882, 76942, 76999, 97032, 97139, G0282 and/or G0283 (above Group 2 CPT codes) for peripheral nerve blocks (including G57.91, G57.92, G58.7, G58.8, G58.9 G59, M54.10 and M79.2). Refer to the Coverage and Limitations section above.</p>
<p>All other ICD-10-CM codes not listed in this policy under ""ICD-10 Codes that Support Medical Necessity"" above.</p>",2026-03-04 15:55:08.650000
56065,23,1,,2022-11-15 01:52:20.060000
56071,23,1,<p>N/A</p>,2024-12-23 12:02:30.870000
56072,13,1,,2024-01-23 18:41:24.407000
56083,14,1,,2026-07-27 17:58:49.147000
56103,14,1,<p>N/A</p>,2024-01-23 13:23:59.687000
56106,14,1,,2024-01-30 20:17:52.843000
56112,6,1,,2023-11-14 16:42:55.737000
56141,39,1,,2020-11-12 22:00:17.003000
56152,35,1,,2025-09-18 16:59:29.387000
56157,19,1,<p>N/A</p>,2026-06-18 15:44:55.767000
56159,23,1,<p>All those not listed under the &ldquo;ICD-10 Codes that are Covered&rdquo; section of this article.</p>,2026-02-27 19:04:10.633000
56175,15,1,,2026-02-27 17:35:02.243000
56178,21,1,,2023-11-20 14:25:43.647000
56198,11,1,,2023-11-18 23:18:42.343000
56199,130,1,"<p><p style=""line-height: normal;"">The following ICD-10-CM codes are considered non-covered for all molecular pathology procedures:</p></p>",2026-05-21 17:22:25.887000
56232,34,1,<p>Codes not listed above</p>,2025-09-17 16:31:14.300000
56248,12,1,,2019-09-11 17:34:42.867000
56273,28,1,<p>N/A</p>,2025-08-22 18:58:45.803000
56287,18,1,<p>All those not listed under the &ldquo;ICD-10-CM Codes that Support Medical Necessity&rdquo; section of this article.</p>,2024-05-31 13:37:46.963000
56289,14,1,,2026-02-19 15:38:53.427000
56333,11,1,<p>N/A</p>,2023-07-19 14:40:42.807000
56335,14,1,<p>N/A</p>,2025-04-25 18:44:23.633000
56346,27,1,,2026-06-12 13:29:01.713000
56380,56,1,,2025-08-26 12:15:01.260000
56384,7,1,<p>All other ICD-10-CM codes not listed under &ldquo;ICD-10-CM Codes that Support Medical Necessity&rdquo; will be denied as not medically necessary.</p>,2019-10-08 18:32:35.060000
56389,36,1,,2025-08-21 14:33:52.977000
56390,11,1,,2023-01-10 14:47:11.910000
56391,37,1,<p>N/A</p>,2025-12-24 19:58:22.113000
56394,32,1,<p>N/A</p>,2026-07-16 17:21:40.583000
56395,18,1,<p>N/A</p>,2026-06-16 15:07:49.827000
56396,11,1,,2023-01-17 15:54:04.957000
56414,41,1,<p>All those not listed under the &ldquo;ICD-10-CM Codes that Support Medical Necessity&rdquo; section of this article.</p>,2025-09-26 13:53:43.580000
56416,42,1,<p>All those not listed under the &ldquo;ICD-10-CM Codes that Support Medical Necessity&rdquo; section of this article.</p>,2025-09-26 13:54:34.277000
56419,20,1,,2023-04-10 13:11:15.753000
56420,16,1,"<p>All those not listed under the &ldquo;ICD-10 Codes that Support Medical Necessity&rdquo; section of this article.</p>
<p>Refer to the NCDs for the procedure code list of ICD-10-CM codes that are considered non-covered or do not support medical necessity at:</p>
<p>https://www.cms.gov/Medicare/Coverage/CoverageGenInfo/LabNCDsICD10.html</p>",2023-01-20 12:04:01.653000
56421,40,1,,2025-11-10 12:56:31.890000
56422,50,1,<p>All those not listed under the &ldquo;ICD-10-CM Codes that Support Medical Necessity&rdquo; section of this article.</p>,2026-01-23 14:06:35.090000
56423,59,1,<p>All those not listed under the &ldquo;ICD-10-CM Codes that Support Medical Necessity&rdquo; section of this article.</p>,2026-01-23 14:07:25.720000
56425,16,1,,2025-11-26 22:39:00.900000
56431,6,1,,2021-02-25 20:08:16.843000
56432,25,1,,2026-02-04 14:06:26.733000
56439,18,1,,2025-10-31 20:58:09.350000
56448,22,1,,2025-11-26 22:37:21.037000
56451,26,1,,2025-09-30 23:46:17.300000
56453,12,1,,2025-09-18 20:06:24.213000
56454,12,1,,2026-02-23 17:34:52.823000
56455,12,1,,2026-02-20 22:00:55.303000
56456,32,1,,2026-02-20 19:56:11.573000
56457,15,1,,2026-02-20 19:22:54.880000
56459,30,1,,2026-04-10 11:43:42.430000
56460,14,1,,2026-02-20 19:46:02.020000
56461,26,1,,2026-02-27 14:26:45.920000
56462,32,1,,2026-02-27 16:11:08.417000
56464,35,1,,2026-02-27 18:26:55.923000
56465,16,1,,2026-03-25 18:17:46.817000
56467,14,1,,2026-03-25 20:03:04.517000
56471,18,1,,2026-02-20 21:43:00.560000
56476,35,1,"<p><p style=""line-height: normal;"">All other ICD-10-CM codes not listed under <strong><em>ICD-10-CM Codes that Support Medical Necessity</em></strong> will be denied as not medically necessary.</p></p>",2025-08-14 14:47:40.487000
56491,25,1,"<p><p style=""line-height: 12.35pt; border: none; padding: 0in;"">Any ICD-10-CM code not listed in Group 1 ""ICD-10 Codes that Support Medical Necessity"" section.</p></p>",2025-03-18 16:49:18.977000
56493,13,1,,2025-10-31 20:50:57.683000
56494,17,1,,2026-02-20 21:50:05.850000
56497,20,1,,2021-02-09 13:54:19.220000
56500,39,1,,2025-10-31 21:03:26.787000
56502,8,1,,2023-11-20 14:21:05.543000
56503,12,1,,2024-12-17 16:47:50.030000
56505,41,1,<p>All those not listed under the &ldquo;ICD-10-CM Codes that Support Medical Necessity&rdquo; section of this article.</p>,2026-02-20 14:54:46.560000
56514,25,1,<p>N/A</p>,2025-03-24 15:55:10.413000
56531,19,1,"<p><p style=""line-height: normal;"">All other ICD-10-CM codes not listed under <em><strong>Covered ICD-10-CM Codes</strong> </em>will be denied as not medically necessary.</p></p>",2024-08-12 18:11:49.900000
56537,41,1,,2025-09-15 17:47:48.777000
56538,27,1,"<p>All those not listed under the &ldquo;ICD-10-CM Codes that Support Medical Necessity"" section of this article.</p>",2025-09-26 13:55:14.540000
56541,40,1,<p>All those not listed under the &ldquo;ICD-10-CM Codes that Support Medical Necessity&rdquo; section of this article.</p>,2024-01-19 13:04:01.880000
56542,18,1,<p>All those not listed under the &ldquo;ICD-10-CM Codes that Support Medical Necessity&rdquo; section of this article.</p>,2025-09-26 17:08:21.037000
56544,28,1,,2025-09-15 17:40:08.833000
56545,14,1,,2024-11-13 14:10:50.180000
56548,20,1,,2025-09-15 17:41:12.493000
56549,13,1,,2019-09-11 17:42:04.943000
56550,12,1,,2019-09-11 17:48:25.797000
56551,34,1,,2025-09-15 17:52:45.737000
56558,86,1,<p>All those not listed under the &ldquo;ICD-10-CM Codes that Support Medical Necessity&rdquo; section of this article.</p>,2025-11-26 13:34:39.083000
56559,26,1,,2025-08-13 21:55:28.297000
56562,33,1,,2024-08-08 18:59:19.533000
56566,46,1,<p>The following ICD-10-CM Codes do not support the medical necessity for the CPT/HCPCS code 97035.</p>,2026-02-13 13:55:47.377000
56572,22,1,<p>N/A</p>,2024-06-04 13:39:36.793000
56580,30,1,,2025-08-14 18:31:24.143000
56584,14,1,,2023-07-06 14:41:36.993000
56587,48,1,<p>N/A</p>,2026-02-06 13:52:17.863000
56588,33,1,"<p><p style=""line-height: 12.35pt; border: none; padding: 0in;"">Any ICD-10-CM code not listed in Group 1 ""ICD-10 Codes that Support Medical Necessity"" section.</p></p>",2026-06-11 20:22:41.017000
56594,14,1,,2026-03-16 18:22:37.750000
56602,39,1,<p>All those not listed under the &ldquo;ICD-10-CM Codes that Support Medical Necessity&rdquo; section of this article.</p>,2025-01-24 13:51:56.533000
56605,22,1,"<p><span style=""line-height: 115%;"">All other ICD-10-CM codes not listed under <strong><em>ICD-10-CM Codes that Support Medical Necessity</em></strong> will be denied as not medically necessary.</span></p>",2025-12-22 15:47:49.233000
56607,19,1,,2025-08-21 14:15:21.233000
56609,18,1,,2024-02-13 22:15:19.587000
56610,13,1,,2023-11-06 15:53:06.320000
56611,15,1,,2025-08-14 16:11:19.967000
56612,35,1,,2026-07-17 12:41:24.037000
56613,17,1,,2025-08-14 16:13:19.427000
56614,23,1,,2025-04-09 14:26:15.097000
56615,36,1,<p>All those not listed under the &ldquo;ICD-10 Codes that Support Medical Necessity&rdquo; section of this article.</p>,2025-09-26 13:56:52.033000
56616,11,1,,2024-12-13 15:16:30.800000
56617,26,1,<p>N/A</p>,2023-12-19 12:47:27.633000
56619,33,1,"<p><p style=""line-height: normal;"">All diagnoses not listed in the <em><strong>ICD-10-CM Codes that Support Medical Necessity</strong></em>.</p></p>",2025-08-20 14:53:39.647000
56621,26,1,,2025-08-14 12:30:34.833000
56625,36,1,"<p><p style=""line-height: normal;"">All other ICD-10-CM codes not listed under <em><strong>ICD-10-CM Codes that Support Medical Necessity</strong></em> will be denied as not medically necessary.</p></p>",2025-08-19 15:00:56.523000
56631,19,1,<p>All those not listed under the &ldquo;ICD-10 Codes that Support Medical Necessity&rdquo; section of this article.</p>,2023-10-20 11:53:02.127000
56632,31,1,,2025-08-14 17:16:05.250000
56633,47,1,<p>All those not listed under the &ldquo;ICD-10-CM Codes that Support Medical Necessity&rdquo; section of this article.</p>,2023-11-09 23:50:23.160000
56636,20,1,,2025-10-22 18:51:30.470000
56638,37,1,<p>All those not listed under the &ldquo;ICD-10-CM Codes that Support Medical Necessity&rdquo; section of this article.</p>,2025-07-09 18:47:28.147000
56639,20,1,,2025-08-14 13:23:36.920000
56640,16,1,<p>All those not listed under the &ldquo;ICD-10 Codes that Support Medical Necessity&rdquo; section of this article.</p>,2019-09-06 18:27:01.233000
56641,18,1,,2025-08-14 13:58:38.317000
56642,47,1,<p>All those not listed under the &ldquo;ICD-10-CM Codes that Support Medical Necessity&rdquo; section of this article.</p>,2025-07-09 18:46:28.777000
56644,29,1,<p>All those not listed under the &ldquo;ICD-10-CM Codes that Support Medical Necessity&rdquo; section of this article.</p>,2025-09-26 14:04:44.463000
56645,48,1,"<p>All those not listed under the &ldquo;ICD-10-CM Codes that Support Medical Necessity"" section of this article.</p>",2024-10-18 13:49:41.540000
56647,32,1,<p>All those not listed under the &ldquo;ICD-10-CM Codes that Support Medical Necessity&rdquo; section of this article.</p>,2023-11-09 23:51:49.990000
56648,19,1,<p>N/A</p>,2023-10-19 18:16:12.090000
56651,36,1,<p>All those not listed under the &ldquo;ICD-10-CM Codes that Support Medical Necessity&rdquo; section of this article.</p>,2023-11-09 11:41:10.693000
56653,15,1,<p>All those not listed under the &ldquo;ICD-10-CM Codes that Support Medical Necessity&rdquo; section of this article.</p>,2024-05-31 13:36:54.793000
56658,42,1,"<p>The following ICD-10-CM codes are non-covered when billed with <strong>any </strong>CPT<sup>&reg;</sup>/HCPCS or ICD-10-PCS codes, not just those included in this article.</p>",2026-01-27 16:16:05.773000
56666,19,1,<p>All those not listed under the &ldquo;ICD-10 Codes that Support Medical Necessity&rdquo; section of this article.</p>,2023-01-20 12:03:14.290000
56669,16,1,,2024-07-23 15:40:31.990000
56670,61,1,<p>All those not listed under the &ldquo;ICD-10-CM Codes that Support Medical Necessity&rdquo; section of this article.</p>,2026-04-02 15:32:47.790000
56672,16,1,<p>All those not listed under the &ldquo;ICD-10-CM Codes that are Covered&rdquo; section of this article.</p>,2024-10-18 12:45:49.783000
56673,14,1,,2024-12-13 15:17:19.287000
56674,11,1,,2025-04-09 14:28:58.423000
56675,25,1,,2024-09-05 14:29:00.780000
56679,9,1,,2024-08-22 14:02:01.990000
56680,44,1,,2025-10-24 13:18:49.610000
56681,34,1,"<p>All those not listed under the &ldquo;ICD-10-CM Codes that Support Medical Necessity"" section of this article.</p>",2023-11-09 11:38:02.847000
56682,49,1,<p>All those not listed under the &ldquo;ICD-10-CM Codes that Support Medical Necessity&rdquo; section of this article.</p>,2025-10-03 12:28:16.143000
56684,17,1,"<p><p style=""line-height: normal;"">All other codes not listed under <strong><em>Covered ICD-10 Codes</em></strong></p></p>",2025-09-12 14:35:09.817000
56685,17,1,"<p><span style=""line-height: 115%;"">Any ICD-10-CM code that is not listed in the&nbsp;<em><strong>ICD-10 Codes that Support Medical Necessity </strong></em><span style=""line-height: 115%;"">section of this Billing and Coding: Partial Hospitalization Programs A56685 article.</span></span></p>",2024-08-26 14:04:31.783000
56686,16,1,,2024-12-17 17:34:19.740000
56691,28,1,"<p><p style=""line-height: normal;"">All ICD-10 codes not listed under <em><strong>ICD-10-CM Codes that Support Medical Necessity</strong></em> will be denied as not medically necessary.</p></p>",2025-08-14 13:49:01.390000
56692,19,1,,2026-07-27 17:39:27.527000
56695,24,1,,2025-08-25 13:18:59.287000
56696,43,1,,2026-03-05 12:45:15.103000
56697,44,1,,2025-10-31 21:11:16.600000
56703,17,1,,2024-06-24 12:34:08.020000
56704,10,1,"<p>All those not listed under the &ldquo;ICD-10-CM Codes that Support Medical Necessity"" section of this article.</p>",2022-03-04 13:36:36.360000
56717,35,1,,2026-02-04 14:11:07.540000
56718,39,1,,2026-06-26 12:40:37.170000
56722,23,1,<p>All those not listed under the &ldquo;ICD-10-CM Codes that Support Medical Necessity&rdquo; section of this article.&nbsp;</p>,2025-09-26 17:44:06.763000
56724,5,1,,2019-10-09 15:05:14.900000
56726,43,1,,2025-09-16 20:15:36.120000
56727,21,1,,2025-08-18 15:58:46.757000
56729,21,1,,2025-08-25 14:13:16.363000
56730,27,1,,2026-02-04 14:11:48.303000
56731,16,1,,2023-12-27 19:22:55.583000
56732,15,1,,2023-12-20 18:54:10.737000
56737,31,1,,2024-09-18 13:08:04.543000
56743,26,1,,2025-12-22 18:35:48.693000
56747,29,1,,2025-07-10 20:15:48.190000
56748,31,1,,2026-06-26 12:41:24.790000
56754,4,1,,2019-09-26 17:24:10.570000
56756,20,1,,2023-11-03 14:52:04.710000
56758,62,1,<p>N/A</p>,2025-09-18 11:59:12.213000
56766,25,1,,2025-09-17 16:21:02.100000
56767,29,1,<p>ICD10 codes not listed above</p>,2025-12-22 13:59:34.553000
56769,18,1,,2025-08-14 15:14:16.007000
56771,25,1,,2024-09-17 12:35:02.720000
56773,30,1,<p>All those not listed under the &ldquo;ICD-10-CM Codes that Support Medical Necessity&rdquo; section of this article.</p>,2025-09-26 13:57:38.907000
56774,22,1,,2025-08-14 11:51:30.897000
56775,24,1,,2025-08-25 13:56:09.820000
56777,16,1,,2026-01-27 16:48:14.850000
56779,25,1,,2026-06-12 20:47:56.283000
56781,39,1,,2026-05-19 14:16:15.497000
56784,18,1,,2024-08-12 15:21:11.433000
56786,77,1,"<p>All those not listed under the &ldquo;ICD-10-CM Codes that Support Medical Necessity&rdquo; section of this article.</p>
<p>&nbsp;</p>",2026-07-10 13:47:47.073000
56787,24,1,,2023-09-21 18:53:52.447000
56792,11,1,"<p style=""line-height: normal;"">Any ICD-10-CM code that is not listed under the <em><strong>ICD-10-CM Codes that Support Medical Necessity</strong></em>&nbsp;section of this article.</p>",2023-08-07 14:15:22.340000
56793,35,1,,2025-08-01 18:16:49.240000
56795,34,1,,2025-04-23 19:27:48.853000
56796,31,1,"<p>All those not listed under the ""ICD-10 Codes that Support Medical Necessity"" section of this article.</p>",2026-01-23 13:44:56.300000
56797,18,1,,2025-12-22 13:57:20.157000
56798,29,1,,2026-07-27 17:53:31.113000
56799,29,1,,2025-10-30 14:19:07.397000
56802,18,1,,2025-09-26 22:16:17.193000
56805,41,1,<p>All those not listed under the &ldquo;ICD-10-CM Codes that Support Medical Necessity&rdquo; section of this article.</p>,2025-09-26 17:13:56.063000
56808,15,1,,2025-09-26 22:12:16.487000
56809,20,1,,2025-08-29 17:15:28.437000
56811,13,1,,2025-09-19 13:08:35.977000
56816,16,1,,2026-02-20 21:11:46.853000
56818,55,1,,2026-06-22 17:25:00.553000
56823,22,1,<p>N/A</p>,2026-02-20 20:03:05.900000
56825,20,1,,2025-08-14 15:48:50.693000
56826,12,1,<p>N/A</p>,2019-11-01 14:09:38.060000
56827,17,1,"<p>Any diagnosis not listed above.</p>
<p>&nbsp;</p>",2025-09-15 17:38:34.510000
56836,18,1,,2026-04-29 15:39:36.133000
56837,18,1,<p>N/A</p>,2024-12-19 16:28:18.167000
56838,13,1,,2024-05-21 14:16:40.230000
56841,18,1,<p>All those not listed under the &ldquo;ICD-10-CM Codes that support Medical Necessity&rdquo; section of this article.</p>,2023-10-20 11:51:58.707000
56844,26,1,<p>N/A</p>,2025-09-17 16:48:39.430000
56845,12,1,"<p><span style=""line-height: 107%;"">The correct use of an ICD-10-CM code does not assure coverage of a service. The service must be reasonable and necessary in the specific case and must meet the criteria specified in&nbsp;the related determination. </span></p>",2025-09-15 17:50:38.300000
56848,16,1,,2025-01-24 13:54:22.790000
56850,33,1,,2024-12-19 12:51:51.280000
56852,24,1,"<p><span style=""line-height: 115%;"">All ICD-10-CM codes not listed in this article under <em><strong>ICD-10-CM Codes That Support Medical Necessity</strong></em> above.</span></p>",2026-01-27 16:20:06.847000
56853,102,1,,2026-07-21 12:43:22.683000
56857,7,1,,2021-06-30 12:24:42.633000
56859,7,1,,2021-02-02 17:28:11.640000
56863,15,1,,2023-11-20 14:45:57.277000
56865,29,1,<p>The following diagnoses (as a primary diagnosis and without a covered psychiatric diagnosis also on the claim) indicate a level of mental disorder for which inpatient treatment is not required. There may be rare exceptions to exclusion from coverage for the following diagnoses. Documentation in the medical record must provide clear rationale for the exception to exclusion.</p>,2024-09-19 20:58:15.300000
56866,21,1,"<p><span style=""line-height: 115%; background: white;"">Any ICD-10-CM code not listed under </span><strong><em><span style=""line-height: 115%;"">ICD-10 Codes that Support Medical Necessity</span></em></strong><span style=""line-height: 115%; background: white;""> <strong><em>Group 1 </em></strong>section.</span></p>",2026-06-12 13:29:34.633000
56867,45,1,"<p><span style=""line-height: 107%;"">Any diagnosis code not listed above does not support medical necessity</span></p>",2026-02-16 20:53:45.733000
56868,30,1,,2025-08-22 19:20:58.030000
56869,12,1,,2024-12-17 20:18:35.433000
56870,7,1,,2021-11-16 13:03:11.440000
56871,19,1,,2024-12-16 20:11:02.070000
56872,10,1,,2023-07-21 15:01:18.913000
56874,29,1,,2024-12-19 16:40:08.760000
56875,11,1,,2021-09-09 12:14:43.160000
56876,18,1,,2023-12-28 16:40:58.763000
56881,10,1,,2025-08-01 00:19:51.083000
56884,13,1,<p>N/A</p>,2023-11-08 17:11:56.903000
56885,14,1,,2023-11-10 16:46:18.927000
56887,11,1,,2023-11-15 12:11:45.753000
56898,15,1,,2021-06-15 12:08:48.140000
56899,11,1,,2024-10-31 13:10:46.870000
56900,23,1,<p>N/A</p>,2025-09-17 17:04:38.810000
56902,50,1,<p>N/A</p>,2026-01-22 20:17:24.243000
56903,15,1,,2025-06-18 17:23:39.057000
56905,20,1,,2026-01-22 19:48:02.263000
56906,13,1,,2022-06-20 12:58:59.453000
56907,24,1,,2025-12-24 18:56:25.083000
56908,19,1,<p>N/A</p>,2025-12-24 17:44:45.240000
56910,9,1,,2025-07-16 16:14:38.430000
56913,13,1,,2023-07-07 13:48:57.560000
56914,19,1,<p>N/A</p>,2026-01-22 19:51:10.130000
56915,37,1,,2026-04-29 14:55:56.123000
56916,33,1,<p>N/A</p>,2026-04-21 17:37:20.753000
56923,16,1,<p>All those not listed under the &ldquo;ICD-10 Codes that Support Medical Necessity&rdquo; section of this article.</p>,2023-01-20 12:08:35.473000
56924,11,1,,2023-07-03 13:03:52.717000
56926,17,1,,2026-07-27 16:44:20.830000
56929,15,1,,2023-09-14 20:07:55.937000
56933,9,1,,2022-10-10 12:44:24.140000
56937,43,1,"<p>Severe and profound intellectual disabilities (ICD-10-CM codes F72, F73, and F79) are never covered for psychotherapy services or psychoanalysis (CPT codes 90832-90840, 90845-90849 and 90853). In such cases, rehabilitative, evaluation and management (E/M) codes should be reported.</p>",2025-12-22 18:17:02.680000
56938,46,1,"<p>All those not listed under the ""ICD-10 Codes that Support Medical Necessity"" section of this article.</p>",2022-01-14 13:50:48.237000
56940,11,1,,2025-02-06 19:27:32.880000
56941,7,1,,2021-10-07 11:42:28.957000
56943,17,1,,2025-08-22 15:02:46.623000
56948,23,1,,2025-08-18 19:13:33.280000
56949,7,1,,2021-04-15 12:17:13.287000
56952,50,1,<p>All those not listed under the &ldquo;ICD-10-CM Codes that Support Medical Necessity&rdquo; section of this article.</p>,2026-01-23 14:15:11.643000
56953,25,1,<p>All those not listed under the &ldquo;ICD-10 Codes that Support Medical Necessity&rdquo; section of this article.</p>,2022-01-14 13:57:32.400000
56954,6,1,,2022-10-18 16:39:08.010000
56957,9,1,,2021-12-22 16:14:23.927000
56961,18,1,,2025-10-17 11:34:05.890000
56962,8,1,,2021-09-09 12:21:17.093000
56963,12,1,,2021-09-29 12:07:10.610000
56973,69,1,,2026-07-24 12:18:57.467000
56980,12,1,,2025-06-11 12:08:10.700000
56981,16,1,,2023-11-08 18:29:32.513000
56982,15,1,,2025-06-11 12:09:59.020000
56983,12,1,,2024-08-14 19:41:57.133000
56985,15,1,,2023-11-08 18:39:49.490000
56988,17,1,,2025-11-26 22:42:01.763000
56989,11,1,,2023-11-08 16:59:19.877000
56995,15,1,<p>All other ICD-10-CM codes not listed under <strong><em>ICD-10-CM Codes that Support Medical Necessity</em></strong> will be denied as not medically necessary.</p>,2024-02-28 14:33:00.520000
56997,18,1,,2025-04-30 19:24:05.873000
56998,10,1,,2023-11-15 12:09:43.410000
57020,6,1,,2023-11-20 14:53:05.463000
57021,19,1,,2024-01-29 16:47:57.770000
57024,16,1,,2024-03-01 16:07:09.060000
57025,21,1,<p>All those not listed under the &ldquo;ICD-10-CM Codes that Support Medical Necessity&rdquo; section of this article.</p>,2025-01-24 13:58:49.840000
57029,10,1,<p>All those not listed under the &ldquo;ICD-10 Codes that Support Medical Necessity&rdquo; section of this article.</p>,2022-10-28 13:23:02.813000
57030,11,1,,2020-09-24 18:45:51.213000
57034,11,1,,2024-11-08 16:17:10.473000
57037,24,1,<p>N/A</p>,2025-08-22 13:16:38.600000
57038,16,1,,2025-08-29 17:00:59.740000
57039,9,1,,2025-08-29 16:39:28.110000
57040,26,1,,2026-07-27 17:49:57.433000
57041,21,1,,2026-04-02 15:41:15.163000
57043,24,1,,2026-07-27 16:54:53.417000
57044,22,1,,2026-07-27 17:16:18.583000
57047,11,1,,2023-12-29 17:47:55.463000
57049,13,1,<p>N/A</p>,2026-02-27 17:26:38.137000
57050,13,1,,2026-03-16 18:26:42.640000
57052,18,1,,2026-04-03 12:59:08.690000
57053,22,1,,2026-04-02 15:31:25.050000
57054,12,1,,2026-04-02 15:33:45.293000
57056,44,1,<p>All those not listed under the &ldquo;ICD-10-CM Codes that Support Medical Necessity&rdquo; section of this article.</p>,2025-10-03 12:29:24.943000
57060,12,1,,2025-09-15 17:51:31.920000
57063,29,1,<p>All those not listed under the &ldquo;ICD-10-CM Codes that Support Medical Necessity&rdquo; section of this article.</p>,2025-09-26 17:19:13.157000
57065,32,1,,2026-05-29 20:46:57.173000
57067,34,1,<p>The following ICD-10-CM Codes do not support the medical necessity for the CPT/HCPCS code 97035.<br /><br /></p>,2026-05-29 21:16:57.520000
57068,17,1,,2026-04-29 16:31:55.300000
57069,25,1,"<p><strong>Use of any ICD-10-CM code not listed in the ""ICD-10-CM Codes that Support Medical Necessity"" section of this LCD will be denied. In addition, the following ICD-10-CM codes are specifically listed as not supporting medical necessity for emphasis for indocyanine green angiography, and to avoid any provider errors.</strong></p>",2026-05-22 16:03:04.627000
57070,16,1,,2026-05-29 21:20:01.007000
57071,36,1,,2026-05-29 21:30:05.250000
57072,17,1,<p>All those not listed under the &ldquo;ICD-10 Codes that Support Medical Necessity&rdquo; section of this policy.</p>,2023-06-29 17:20:47.960000
57077,29,1,<p>All those not listed under the &ldquo;ICD-10-CM Codes that Support Medical Necessity&rdquo; section of this article.</p>,2024-10-18 13:54:50.777000
57079,15,1,<p><strong><u>All</u></strong> ICD-10-CM codes not listed in this policy under ICD-10-CM Codes that Support Medical Necessity above.</p>,2026-03-24 16:38:15.587000
57083,14,1,,2025-11-14 12:34:06.917000
57092,25,1,"<p>All those not listed under the ""ICD-10 Codes that are Covered"" section of this article.</p>",2025-10-09 13:05:38.677000
57100,51,1,,2026-07-24 12:21:39.560000
57106,12,1,<p>N/A</p>,2024-01-23 20:39:59.430000
57110,17,1,,2024-09-17 14:04:25.730000
57112,11,1,<p>N/A</p>,2024-06-18 13:50:35.733000
57113,44,1,<p>All those not listed under the &ldquo;ICD-10-CM Codes that Support Medical Necessity&rdquo; section of this article.</p>,2026-01-23 13:45:58.317000
57114,21,1,<p>All those not listed under the &#8220;ICD-10-CM Codes that Support Medical Necessity&#8221; section of this article.</p>,2026-07-17 17:54:54.193000
57115,10,1,<p>All those not listed under the &ldquo;ICD-10-CM Codes that Support Medical Necessity&rdquo; section of this article.</p>,2026-01-23 14:15:56.750000
57118,3,1,<p>All those not listed under the &ldquo;ICD-10 Codes that Support Medical Necessity&rdquo; section of this article.</p>,2019-10-02 17:03:59.180000
57122,23,1,<p>All those not listed under the &ldquo;ICD-10-CM Codes that Support Medical Necessity&rdquo; section of this article.</p>,2025-12-12 14:46:48.193000
57123,61,1,"<p><br />All those not listed under the ""ICD-10-CM Codes that Support Medical Necessity"" section of this article.</p>",2025-09-26 17:05:46.420000
57124,21,1,<p>N/A</p>,2024-09-04 13:31:04.210000
57125,22,1,<p>All those not listed under the &ldquo;ICD-10-CM Codes that Support Medical Necessity&rdquo; section of this article.</p>,2024-10-18 13:43:39.673000
57130,51,1,<p>All those not listed under the &ldquo;ICD-10-CM Codes that Support Medical Necessity&rdquo; section of this article.</p>,2025-09-26 13:58:31.247000
57132,19,1,,2023-12-29 17:43:00.927000
57141,47,1,,2026-07-24 13:55:30.803000
57143,3,1,,2019-09-16 16:48:36.657000
57145,32,1,<p>All those not listed under the &ldquo;ICD-10-CM Codes that Support Medical Necessity&rdquo; section of this article.</p>,2026-01-23 14:16:53.753000
57146,3,1,,2019-09-16 16:49:40.010000
57149,20,1,"<p><span style=""line-height: 115%;"">All those not listed under the &ldquo;ICD-10 Codes that Support Medical Necessity&rdquo; section of this policy.</span></p>",2026-02-27 19:14:14.560000
57152,2,1,,2019-09-16 16:36:46.350000
57155,15,1,,2024-09-30 18:28:44.347000
57160,13,1,,2026-04-10 11:40:19.067000
57161,22,1,"<p><strong><u>All</u></strong> ICD-10-CM codes <strong><u>not</u></strong> listed in this policy under ""ICD-10-CM Codes That Support Medical Necessity"".</p>",2025-12-22 15:21:38.433000
57165,15,1,,2025-10-27 17:47:50.490000
57170,2,1,,2019-09-16 18:17:46.007000
57174,2,1,,2019-09-16 19:16:54.673000
57179,22,1,<p>All those not listed under the &ldquo;ICD-10-CM Codes that Support Medical Necessity&rdquo; section of this article.</p>,2026-02-20 14:56:45.533000
57181,37,1,<p>All ICD-10-CM Codes not listed under the <em>ICD-10-CM Codes That Support Medical Necessity</em> section of this policy will be denied.</p>,2025-09-23 19:03:03.717000
57183,23,1,"<p>Any diagnosis inconsistent with the <em>Indications and Limitations of Coverage and/or Medical Necessity</em> section, or the ICD-10-CM descriptors in the ICD-10-CM Codes <em>That Support Medical Necessity</em> section.</p>",2025-12-22 15:16:13.603000
57185,43,1,<p>N/A<br /><br /><br /></p>,2026-04-03 13:33:14.853000
57186,43,1,<p>N/A<br /><br /><br /></p>,2026-04-03 13:34:41.010000
57187,39,1,<p>Any diagnosis codes other than those listed in the covered ICD-10-CM codes of this policy and those in the attached article will be denied as not reasonable and necessary and will be denied provider liable unless a non-coverage notice has been issued to the beneficiary prior to the test. Screening diagnoses will be denied as routine services.</p>,2026-06-24 12:20:48.320000
57188,27,1,<p>All those not listed under the &ldquo;ICD-10 Codes that Support Medical Necessity&rdquo; section of this article.</p>,2025-09-26 17:23:34.843000
57189,28,1,<p><strong>All<strong> ICD-10-CM codes <strong>not<strong> listed in this policy under &ldquo;ICD-10-CM Codes that Support Medical Necessity&rdquo; above.</strong></strong></strong></strong></p>,2024-09-25 21:22:08.230000
57190,11,1,,2025-06-25 20:34:58.047000
57193,31,1,,2026-07-27 17:30:26.917000
57195,29,1,<p>N/A</p>,2025-10-15 21:14:42.983000
57204,45,1,,2026-05-05 18:31:23.913000
57205,39,1,<p>All those not listed under the &ldquo;ICD-10-CM Codes that Support Medical Necessity&rdquo; section of this article.</p>,2026-01-23 14:08:24.240000
57206,30,1,<p>N/A</p>,2025-09-23 19:45:55.690000
57221,25,1,<p><strong><u>All</u></strong> ICD-10-CM codes <strong><u>not</u></strong> listed above under ICD-10-CM Codes That Support Medical Necessity above.</p>,2024-12-23 11:59:46.483000
57224,68,1,<p>N/A</p>,2026-06-03 14:40:14.427000
57237,11,1,<p>N/A</p>,2023-11-16 19:14:49.560000
57268,21,1,<p>N/A</p>,2025-10-17 13:13:36.060000
57282,18,1,,2025-09-30 23:56:42.717000
57284,14,1,"<p>Use of any ICD-10-CM code not listed in the ""ICD-10-CM Codes that Support Medical Necessity"" section of this LCD will be denied. In addition, the following ICD-10-CM code is specifically listed as not supporting medical necessity for emphasis, and to avoid any provider errors.<br /><br /></p>",2026-05-22 16:11:18.917000
57305,14,1,"<p>Use of any ICD-10-CM code not listed in the ""ICD-10-CM Codes that Support Medical Necessity"" section of this LCD will be denied. In addition, the following ICD-10-CM codes are specifically listed as not supporting medical necessity for emphasis, and to avoid any provider errors.<br /><br />Claims listing the following ICD-10-CM code will be considered as cosmetic and denied for lack of medical necessity: <br />I78.1 Spider nevus<br /><br />CPT codes 36465, 36466, 36470, 36471, 36475, 36476, 36478, 36479, 36482, 36483, 37700, 37718, 37722, 37735, 37760, 37761, 37765, 37766, 37780 and 37799 (when used to report ""Trivex Procedure""), submitted for any of the following ICD-10-CM codes will be denied as not medically necessary:</p>",2025-10-03 22:20:28.367000
57306,44,1,,2026-04-10 11:41:18.510000
57307,38,1,,2026-04-29 16:23:07.847000
57311,35,1,,2026-07-27 16:46:37.220000
57326,42,1,,2026-07-31 15:09:25.927000
57329,18,1,<p>N/A</p>,2025-09-22 13:15:45.430000
57331,61,1,<p>N/A</p>,2026-07-24 12:49:10.617000
57342,31,1,,2025-10-13 15:21:40.270000
57356,14,1,<p>N/A</p>,2023-11-22 19:36:08.557000
57361,46,1,<p>All those not listed under the &ldquo;ICD-10-CM Codes that Support Medical Necessity&rdquo; section of this policy.</p>,2026-01-23 14:09:19.877000
57363,14,1,<p>N/A</p>,2023-11-22 15:21:55.513000
57372,18,1,<p>N/A</p>,2023-11-22 18:30:46.690000
57384,53,1,<p>N/A</p>,2026-07-24 12:45:21.063000
57386,21,1,,2025-09-19 17:04:13.910000
57414,30,1,"<p>All those not listed under the ""ICD-10-CM Codes that Support Medical Necessity"" section of this article.</p>",2025-09-26 13:59:16
57419,16,1,<p>N/A</p>,2023-11-22 15:29:01.660000
57423,16,1,,2025-09-23 13:11:13.127000
57427,11,1,,2024-09-18 18:25:56.330000
57428,10,1,,2025-12-22 18:30:26.773000
57431,14,1,<p>Any ICD-10-CM diagnosis code not listed in the ICD-10-CM Code that supports medical necessity section</p>,2025-12-22 18:22:00.557000
57432,12,1,<p>N/A</p>,2025-09-22 19:07:11.650000
57434,35,1,<p>All those not listed under the &ldquo;ICD-10 Codes that Support Medical Necessity&rdquo; section of this article.</p>,2025-09-26 17:30:23.777000
57441,8,1,,2023-11-22 19:08:33.007000
57449,24,1,<p>All those not listed under the &ldquo;ICD-10-CM Codes that Support Medical Necessity&rdquo; section of this article.</p>,2025-09-26 17:31:40.200000
57450,14,1,<p>All those not listed under the &ldquo;ICD-10-CM Codes that Support Medical Necessity&rdquo; section of this article.</p>,2025-09-26 17:32:23.493000
57451,38,1,,2024-01-19 13:06:50.457000
57452,46,1,,2025-09-17 16:38:54.010000
57453,5,1,,2019-10-18 14:26:48.750000
57455,24,1,,2025-09-17 20:31:55.550000
57473,33,1,<p>N/A</p>,2025-09-18 19:06:24.010000
57476,22,1,<p>N/A</p>,2025-08-22 17:27:57.287000
57477,15,1,<p>N/A</p>,2026-07-24 12:24:42.527000
57478,40,1,"<p>All diagnoses not listed in the ""ICD-10 Codes that Support Medical Necessity.""</p>",2025-09-16 18:52:19.323000
57479,18,1,<p>N/A</p>,2026-01-22 18:00:56.977000
57480,31,1,<p>N/A</p>,2026-01-22 20:20:23.187000
57481,12,1,<p>N/A</p>,2024-10-22 12:54:40.833000
57482,25,1,"<p>In the absence of signs, symptoms, illness or injury, Z41.1 should be reported, and payment will be denied. (Ref. CMS Pub.100-04 <em>Medicare Claims Processing Manual</em>, Ch. 23 &#167;&#167;10.1-10.6)</p>",2026-07-24 12:37:27.180000
57483,28,1,<p>N/A</p>,2025-09-18 17:17:14.327000
57484,22,1,<p>N/A</p>,2026-02-11 19:03:27.100000
57486,10,1,,2023-11-22 17:29:47.953000
57496,14,1,"<p>All those not listed under the &ldquo;ICD-10-CM Codes that Support Medical Necessity"" section of this article.</p>",2024-05-10 11:50:10.603000
57497,15,1,<p>N/A</p>,2023-11-16 19:11:25.230000
57503,17,1,,2022-03-24 15:26:39.820000
57512,19,1,<p>N/A</p>,2025-09-04 19:01:26.500000
57515,12,1,<p>N/A</p>,2023-11-22 19:43:56.510000
57516,12,1,<p>N/A</p>,2025-09-19 18:49:51.150000
57520,43,1,<p>All those not listed under the &ldquo;ICD-10-CM Codes that Support Medical Necessity&rdquo; section of this article.</p>,2025-01-24 13:57:29
57526,93,1,<p>N/A</p>,2026-07-21 12:09:26.357000
57528,5,1,,2019-10-18 14:20:26.693000
57531,60,1,<p>All those not listed under the &ldquo;ICD-10-CM Codes that Support Medical Necessity&rdquo; section of this article.</p>,2025-11-26 13:36:20.023000
57540,15,1,<p>All those not listed under the &ldquo;ICD-10-CM Codes that Support Medical Necessity&rdquo; section of this article.</p>,2025-09-26 17:40:21.207000
57551,14,1,<p>N/A</p>,2025-12-23 13:54:28.653000
57552,19,1,<p>Any diagnosis not listed above.</p>,2025-10-22 15:27:03.500000
57554,52,1,<p>Any not listed as covered</p>,2026-07-24 12:57:35.233000
57558,11,1,<p>N/A</p>,2023-03-22 14:33:54.553000
57559,20,1,<p>N/A</p>,2025-09-17 15:54:45.493000
57560,10,1,<p>N/A</p>,2025-04-25 19:15:08.523000
57566,13,1,<p>N/A</p>,2026-05-21 13:55:57.163000
57567,14,1,<p>N/A</p>,2025-04-25 19:30:21.653000
57568,11,1,<p>N/A</p>,2023-04-21 17:50:40.317000
57571,9,1,<p>N/A</p>,2024-11-20 14:19:23.237000
57575,9,1,<p>N/A</p>,2025-06-18 17:36:04.520000
57576,11,1,<p>N/A</p>,2023-05-23 15:15:22.147000
57577,7,1,<p>N/A</p>,2023-08-23 16:56:04.917000
57581,7,1,<p>N/A</p>,2023-07-19 16:36:05.720000
57583,9,1,,2025-10-22 17:06:40.370000
57587,9,1,<p>N/A</p>,2023-12-20 14:49:27.570000
57588,11,1,,2025-10-22 17:47:44.643000
57589,16,1,<p>N/A</p>,2023-11-20 15:53:29.797000
57590,15,1,<p>N/A</p>,2026-01-22 18:52:01.197000
57591,25,1,<p>N/A</p>,2026-03-20 12:08:48.957000
57592,19,1,<p>N/A</p>,2026-02-20 13:41:31.193000
57593,17,1,<p>Diagnosis codes not listed above.</p>,2025-09-18 19:40:01.127000
57594,22,1,<p>N/A</p>,2025-12-23 20:45:46.837000
57595,20,1,<p>NA</p>,2026-02-25 12:35:32.957000
57596,19,1,<p>N/A</p>,2026-01-22 19:54:44.287000
57597,22,1,<p>Not applicable</p>,2025-09-16 19:10:42.567000
57598,11,1,<p>Codes not listed above</p>,2026-03-20 12:40:01.440000
57599,14,1,<p>N/A</p>,2025-09-18 18:43:33.163000
57600,34,1,<p>All those not listed under the &#8220;ICD-10-CM Codes that Support Medical Necessity&#8221; section of this article.</p>,2025-09-26 14:00:03.537000
57604,16,1,,2024-01-23 16:48:26.240000
57607,15,1,<p>N/A</p>,2023-11-22 15:27:23.670000
57611,16,1,<p>N/A</p>,2025-09-09 16:37:28.873000
57612,8,1,<p>N/A</p>,2023-11-16 19:17:00.203000
57614,15,1,<p>N/A</p>,2025-09-09 16:38:35.723000
57615,6,1,<p>N/A</p>,2023-11-16 19:19:46.743000
57618,24,1,<p>All those not listed under the &ldquo;ICD-10-CM Codes that Support Medical Necessity&rdquo; section of this article.</p>,2025-01-24 13:58:15.290000
57619,8,1,<p>N/A</p>,2023-11-22 17:32:05.110000
57621,17,1,<p>N/A</p>,2023-11-22 15:26:10.120000
57630,11,1,<p>NA</p>,2024-07-24 17:29:22.540000
57633,8,1,<p>All those not listed under the &ldquo;ICD-10-CM Codes that Support Medical Necessity&rdquo; section of this article.</p>,2025-01-24 17:53:14.550000
57636,24,1,<p>All those not listed under the &ldquo;ICD-10 Codes that Support Medical Necessity&rdquo; section of this article.</p>,2025-09-26 14:08:30.667000
57637,20,1,<p>All those not listed under the &ldquo;ICD-10-CM Codes that Support Medical Necessity&rdquo; section of this article.</p>,2025-09-26 17:41:18.187000
57638,7,1,<p>All those not listed under the &ldquo;ICD-10-CM Codes that Support Medical Necessity&rdquo; section of this article.</p>,2024-01-19 13:57:50.350000
57643,20,1,<p>N/A</p>,2025-09-04 19:00:34.193000
57647,17,1,<p>All those not listed under the &ldquo;ICD-10 Codes that Support Medical Necessity&rdquo; section of this article.</p>,2023-07-07 12:25:58.220000
57649,9,1,<p>All those not listed under the &ldquo;ICD-10-CM Codes that Support Medical Necessity&rdquo; section of this article.</p>,2023-10-20 12:29:57.037000
57651,5,1,<p>All those not listed under the &ldquo;ICD-10 Codes that Support Medical Necessity&rdquo; section of this article.</p>,2019-11-21 21:53:25.550000
57657,25,1,<p>All those not listed under the &ldquo;ICD-10-CM Codes that Support Medical Necessity&rdquo; section of this article.</p>,2024-10-18 14:01:02.997000
57660,6,1,<p>All those not listed under the &ldquo;ICD-10 Codes that Support Medical Necessity&rdquo; section of this article.</p>,2019-11-22 23:00:15.193000
57661,17,1,<p>N/A</p>,2023-11-22 19:29:14.870000
57663,14,1,,2026-04-29 16:16:11.290000
57664,11,1,<p>N/A</p>,2023-11-22 16:49:54.350000
57666,36,1,"<p>All those not listed under the ""ICD-10-CM Codes that Support Medical Necessity"" section of this article.</p>",2026-01-23 14:12:40.180000
57667,10,1,<p>All those not listed under the &ldquo;ICD-10 Codes that Support Medical Necessity&rdquo; section of this article.</p>,2020-09-25 15:39:19.097000
57668,45,1,,2025-09-17 16:28:34.323000
57669,10,1,<p>All those not listed under the &ldquo;ICD-10 Codes that Support Medical Necessity&rdquo; section of this article.</p>,2025-09-26 14:09:19.687000
57670,8,1,<p>All those not listed under the &#8220;ICD-10 Codes that Support Medical Necessity&#8221; section of this article.</p>,2026-02-06 14:44:56.610000
57672,6,1,<p>All those not listed under the &ldquo;ICD-10 Codes that Support Medical Necessity&rdquo; section of this article.</p>,2019-11-22 23:07:18.280000
57677,14,1,<p>All those not listed under the &ldquo;ICD-10-CM Codes that Support Medical Necessity&rdquo; section of this article.</p>,2024-10-18 12:55:42.993000
57678,11,1,<p>All those not listed under the &ldquo;ICD-10-CM Codes that Support Medical Necessity&rdquo; section of this LCD.</p>,2025-09-26 14:05:19.160000
57680,9,1,,2026-01-23 13:41:12.390000
57682,6,1,<p>All those not listed under the &ldquo;ICD-10 Codes that Support Medical Necessity&rdquo; section of this LCD.</p>,2020-09-25 15:55:53.693000
57683,11,1,<p>N/A</p>,2025-09-17 17:27:30.167000
57685,15,1,,2025-12-23 00:27:30.540000
57689,44,1,<p>N/A</p>,2025-10-10 16:31:56.120000
57692,11,1,,2023-11-08 18:30:41.827000
57697,16,1,<p>N/A</p>,2025-09-04 19:02:55.787000
57701,30,1,<p>N/A</p>,2025-12-22 16:36:18.320000
57706,14,1,"<p>Use of any ICD-10-CM code not listed in the ""ICD-10-CM Codes That Support Medical Necessity"" section of this LCD will be denied. <strong>In addition, the following ICD-10 CM codes are specifically listed as not supporting medical necessity for emphasis, and to avoid any provider errors.</strong><br /><br />Claims listing the following ICD-10-CM code will be considered as cosmetic and denied for lack of medical necessity: <br /><br />I78.1 Nevus, non-neoplastic<br /><br />CPT codes 36465, 36466, 36470, 36471, 36473, 36474,36475, 36476, 36478, 36479, 36482, 36483, 37700, 37718, 37722, 37735, 37760, 37761, 37765, 37766, 37780, 37785, 37799 (when used to report ""Trivex Procedure"") submitted for any of the following ICD-10-CM codes will be denied for lack of medical necessity:</p>",2025-06-20 18:56:08.280000
57715,55,1,<p>All those not listed under the &ldquo;ICD-10-CM Codes that Support Medical Necessity&rdquo; section of this article.</p>,2025-12-05 14:36:30.740000
57718,20,1,<p><strong><u>All</u></strong> ICD-10-CM codes not listed in this policy under ICD-10-CM Codes that Support Medical Necessity above.</p>,2024-09-27 12:28:45.750000
57726,7,1,,2023-10-13 11:44:21.247000
57733,12,1,<p>N/A</p>,2026-04-21 17:05:34.683000
57736,18,1,<p><strong><u>All</u></strong> ICD-10-CM codes not listed in this policy under ICD-10-CM Codes that Support Medical Necessity above.</p>,2024-09-20 19:59:51.380000
57751,28,1,<p>All those not listed under the &#8220;ICD-10-CM Codes that Support Medical Necessity&#8221; section of this article.</p>,2026-07-17 17:54:02.437000
57752,18,1,<p>All those not listed under the &ldquo;ICD-10 Codes that Support Medical Necessity&rdquo; section of this policy.</p>,2022-02-11 14:12:32.790000
57753,12,1,<p>All those not listed under the &ldquo;ICD-10 Codes that Support Medical Necessity&rdquo; section of this policy.</p>,2022-01-14 13:53:24.767000
57755,18,1,<p>All those not listed under the &ldquo;ICD-10-CM Codes that Support Medical Necessity&rdquo; section of this article.</p>,2024-03-27 14:37:53.187000
57759,36,1,,2025-09-17 20:26:54.877000
57765,26,1,<p>All those not listed under the &ldquo;ICD-10-CM Codes that Support Medical Necessity&rdquo; section of this article.</p>,2026-06-18 14:22:18.600000
57767,12,1,<p>All those not listed under the &ldquo;ICD-10-CM Codes that Support Medical Necessity&rdquo; section of this article.</p>,2024-03-01 14:34:12.130000
57772,81,1,,2026-07-24 12:17:55.907000
57773,17,1,<p>N/A</p>,2023-11-22 15:22:48.627000
57778,59,1,"<p>All those not listed under the &#8220;ICD-10-CM Codes that Support Medical Necessity&#8221; section of this article.</p>
<p>&#160;</p>",2026-07-10 13:48:23.373000
57779,8,1,,2025-01-24 17:40:08.217000
57780,27,1,<p>All those not listed under the &ldquo;ICD-10-CM Codes that Support Medical Necessity&rdquo; section of this article.</p>,2025-09-26 14:10:01.933000
57787,47,1,<p>All those not listed under the &ldquo;ICD-10-CM Codes that Support Medical Necessity&rdquo; section of this article.</p>,2026-04-02 15:34:00.337000
57788,41,1,<p>All those not listed under the &ldquo;ICD-10-CM Codes that Support Medical Necessity&rdquo; section of this article.</p>,2025-12-12 20:04:16.760000
57791,12,1,,2023-12-20 01:09:56.860000
57804,41,1,<p>All those not listed under the &#8220;ICD-10-CM Codes that Support Medical Necessity&#8221; section of this article.</p>,2025-09-26 14:07:53.367000
57813,8,1,,2022-01-18 13:52:52.240000
57826,37,1,,2026-05-14 17:08:14.363000
57831,30,1,,2026-05-26 14:32:35.587000
57837,30,1,,2026-05-05 14:16:18.343000
57839,14,1,<p>All those not listed under the &ldquo;ICD-10-CM Codes that Support Medical Necessity&rdquo; section of this article.</p>,2025-04-04 13:39:26.590000
57842,11,1,<p>N/A</p>,2024-03-28 12:06:22.320000
57848,19,1,,2025-03-19 12:10:41.360000
57851,8,1,<p>N/A</p>,2023-09-19 14:19:23.903000
57858,30,1,<p>N/A</p>,2026-05-29 16:08:30.277000
57863,41,1,"<p>Any ICD-10-CM code not listed in Group 1 ""ICD-10 Codes that Support Medical Necessity"" section</p>",2026-06-04 16:49:39.600000
57867,33,1,,2025-06-30 13:11:57.753000
57868,4,1,,2021-12-13 14:12:17.463000
57870,26,1,,2025-04-09 11:07:14.733000
57872,10,1,<p>All those not listed under the &ldquo;ICD-10 Codes that Support Medical Necessity&rdquo; section of this article.</p>,2022-02-11 14:13:27.800000
57873,31,1,,2026-06-11 15:26:08.343000
57878,26,1,,2026-05-21 13:36:19.677000
57880,13,1,,2025-12-11 13:59:03.527000
57884,10,1,<p>All those not listed under the &ldquo;ICD-10-CM Codes that Support Medical Necessity&rdquo; section of this article.</p>,2025-04-04 13:40:37.397000
57889,4,1,,2019-12-20 15:21:18.777000
57891,39,1,<p>N/A</p>,2026-05-05 19:48:55.477000
57901,27,1,<p>N/A</p>,2026-05-26 14:22:47.810000
57910,14,1,,2023-11-15 12:29:13.893000
57913,11,1,,2025-09-16 17:35:55.150000
57915,10,1,,2025-05-13 19:15:55.590000
57917,32,1,,2026-08-03 13:41:05.023000
57926,25,1,,2026-03-25 17:53:00.593000
57936,33,1,<p>N/A</p>,2025-07-23 19:23:15.050000
57944,25,1,"<p>All those not listed under the ""ICD-10 Codes That Support Medical Necessity"" section of this article.</p>",2026-05-01 12:37:40.477000
57948,38,1,"<p><span style=""line-height: 115%;"">All those not listed under the &ldquo;ICD-10 Codes that Support Medical Necessity&rdquo; section of this article.<br /></span></p>",2026-06-09 19:34:53.513000
57954,73,1,,2025-11-10 19:27:29.617000
57970,13,1,<p>N/A</p>,2023-11-22 16:38:16.190000
57983,6,1,,2023-12-20 16:25:11.833000
58000,4,1,,2020-08-18 15:46:41.017000
58008,22,1,"<p><span style=""line-height: 115%;"">All those not listed under the <strong><em>ICD-10-CM Codes that Support Medical Necessity</em></strong> section of this article. </span></p>",2026-01-27 16:18:03.520000
58017,55,1,,2026-07-24 12:44:30.320000
58019,45,1,<p>N/A</p>,2026-01-12 15:40:43.860000
58021,11,1,,2022-05-26 13:29:57.467000
58028,23,1,,2024-01-08 14:34:44.533000
58031,11,1,,2022-02-18 13:49:44.777000
58038,10,1,,2023-11-10 16:33:22.020000
58052,9,1,<p>N/A</p>,2025-09-19 18:56:20.770000
58061,28,1,,2025-06-26 13:39:43.043000
58063,11,1,,2023-11-10 16:27:41.180000
58065,19,1,,2024-01-08 17:49:55.717000
58075,24,1,"<p><span style=""line-height: 115%;"">All those not listed under the <strong><em>ICD-10-CM Codes that Support Medical Necessity</em></strong> section of this article.</span></p>",2026-05-15 12:59:23.483000
58095,16,1,<p>N/A</p>,2025-10-29 12:06:21.220000
58110,22,1,<p>All those not listed under the &ldquo;ICD-10-CM Codes that Support Medical Necessity&rdquo; section of this article.</p>,2025-04-11 13:05:44.307000
58113,6,1,,2023-11-07 12:35:43.010000
58116,29,1,<p>All those not listed under the &ldquo;ICD-10 Codes that Support Medical Necessity&rdquo; section of this article.</p>,2025-03-18 17:24:40.243000
58120,17,1,<p>N/A</p>,2023-11-22 18:58:03.220000
58127,19,1,"<p><span style=""line-height: 115%;"">All those not listed under the &ldquo;ICD-10 Codes that Support Medical Necessity&rdquo; section of this article. <strong>Group 1 Codes:</strong></span></p>",2025-09-30 23:50:45.067000
58133,23,1,<p>All those not listed under the &ldquo;ICD-10 Codes that Support Medical Necessity&rdquo; section of this article.</p>,2025-03-18 11:47:30.463000
58136,22,1,<p>All those not listed under the &ldquo;ICD-10-CM Codes that Support Medical Necessity&rdquo; section of this article.</p>,2025-04-11 13:06:39.870000
58152,13,1,,2026-02-20 20:15:40.627000
58168,33,1,<p>N/A</p>,2026-01-13 15:44:01.697000
58170,33,1,<p>N/A</p>,2026-01-13 15:44:31.693000
58181,24,1,<p>N/A</p>,2024-01-08 13:56:07.207000
58183,19,1,<p>N//A</p>,2025-09-22 13:19:13.777000
58205,13,1,<p>N/A</p>,2026-05-21 14:06:11.557000
58207,34,1,<p>N/A</p>,2026-01-22 15:22:01.680000
58209,9,1,<p>All those not listed under the &ldquo;ICD-10 Codes that Support Medical Necessity&rdquo; section of this article.</p>,2026-01-22 20:04:10.993000
58211,24,1,<p>N/A</p>,2025-12-11 14:58:17.487000
58213,16,1,<p>All those not listed under the &ldquo;ICD-10 Codes that Support Medical Necessity&rdquo; section of this article.</p>,2025-04-22 17:24:51.657000
58218,17,1,,2025-12-26 23:52:21.947000
58223,22,1,,2026-03-18 13:41:37.637000
58227,20,1,"<p><span style=""line-height: 115%;"">All those not listed under the &ldquo;ICD-10 Codes that Support Medical Necessity&rdquo; section of this article. </span></p>",2026-01-20 13:42:06.660000
58243,7,1,<p>All those not listed under the &ldquo;ICD-10 Codes that Support Medical Necessity&rdquo; section of this article.</p>,2026-01-23 13:54:24.790000
58250,19,1,<p>All those not listed under the &ldquo;ICD-10 Codes that Support Medical Necessity&rdquo; section of this article.</p>,2026-01-23 14:14:12.837000
58264,8,1,<p>All those not listed under the &ldquo;ICD-10 Codes that Support Medical Necessity&rdquo; section of this article.</p>,2026-01-23 13:55:23.363000
58275,9,1,<p>N/A</p>,2022-07-01 17:29:40.450000
58277,13,1,<p>All those not listed under the <em><strong>ICD-10-CM Codes that Support Medical Necessity</strong></em> section of this article.</p>,2025-04-09 14:29:58.357000
58282,14,1,,2026-07-13 15:33:56.920000
58287,5,1,,2021-12-29 15:47:22.210000
58294,8,1,"<p><span style=""line-height: 115%;"">All those not listed under the &ldquo;ICD-10 Codes that Support Medical Necessity&rdquo; section of this article</span></p>",2021-12-15 19:29:27.587000
58308,18,1,,2024-09-04 13:37:23.603000
58318,65,1,,2026-07-24 12:45:43.400000
58321,7,1,"<p><span style=""line-height: 115%;"">All those not listed under the <strong><em>ICD-10-CM Codes that Support Medical Necessity</em></strong> section of this article. </span></p>",2021-12-21 15:13:33.283000
58324,35,1,,2025-11-03 14:14:04.883000
58343,11,1,,2022-01-28 16:21:56.987000
58350,24,1,,2026-05-15 13:00:18.350000
58354,15,1,,2026-01-27 16:42:09.853000
58359,13,1,,2025-08-29 16:26:45.320000
58362,10,1,<p>N/A</p>,2023-11-08 14:12:36.593000
58364,39,1,,2026-07-17 13:58:21.103000
58367,6,1,,2021-12-28 21:23:47.787000
58371,12,1,,2023-12-13 11:56:18.880000
58376,67,1,,2026-07-28 16:15:33.027000
58392,13,1,,2024-12-17 19:38:02.840000
58395,44,1,<p>N/A</p>,2026-07-24 12:00:15.990000
58403,27,1,,2026-05-12 13:14:37.847000
58406,26,1,,2026-01-20 13:09:53.723000
58410,9,1,<p>All those not listed under the &ldquo;ICD-10 Codes that Support Medical Necessity&rdquo; section of this article.</p>,2022-01-14 13:55:22.250000
58414,11,1,<p>All those not listed under the &ldquo;ICD-10 Codes that Support Medical Necessity&rdquo; section of this article.</p>,2022-01-14 13:47:59.623000
58423,48,1,<p>All those not listed under the &ldquo;ICD-10-CM Codes that Support Medical Necessity&rdquo; section of this article.</p>,2025-12-05 14:35:38.690000
58428,29,1,<p>All those not listed under the &#8220;ICD-10-CM Codes that Support Medical Necessity&#8221; section of this article.</p>,2026-04-02 15:09:08.930000
58434,34,1,,2026-03-06 14:02:55.580000
58436,13,1,"<p><span style=""line-height: 115%;"">All those not listed under the &ldquo;ICD-10 Codes that Support Medical Necessity&rdquo; section of this article.</span></p>",2025-09-04 18:54:29.887000
58454,50,1,<p>N/A</p>,2026-07-28 13:12:34.853000
58468,41,1,<p>N/A</p>,2026-07-31 11:43:56.050000
58471,10,1,<p>All those not listed under the &ldquo;ICD-10 Codes that Support Medical Necessity&rdquo; section of this article.</p>,2023-02-15 13:42:16.503000
58473,11,1,,2026-04-30 14:11:01.470000
58477,22,1,,2026-05-21 14:03:05.447000
58503,12,1,,2023-08-22 15:20:43.020000
58559,42,1,,2026-07-31 14:24:59.627000
58565,52,1,"<p><strong><u><span style=""line-height: 107%;"">All</span></u></strong><span style=""line-height: 107%;""> ICD-10 codes that are <strong><u>not</u></strong> listed in the ICD-10 Codes That Support Medical Necessity section of this policy.</span></p>",2026-08-04 19:42:59.060000
58573,13,1,,2026-02-06 13:52:50.343000
58575,38,1,"<p>All those not listed under the ""ICD-10-CM Codes that Support Medical Necessity&rdquo; section of this article.</p>",2026-01-23 14:10:49.410000
58577,33,1,<p>All those not listed under the &ldquo;ICD-10-CM Codes that Support Medical Necessity&rdquo; section of this article.</p>,2026-01-23 14:18:05.850000
58582,20,1,,2026-07-27 16:51:59.940000
58592,19,1,<p>All those not listed under the &ldquo;ICD-10 Codes that Support Medical Necessity&rdquo; section of this article.</p>,2025-09-26 14:06:34.903000
58609,7,1,,2021-11-19 18:19:05.353000
58641,4,1,,2021-02-10 21:01:14.093000
58649,13,1,,2026-06-16 10:02:09.663000
58650,4,1,,2021-04-13 12:53:26.590000
58652,29,1,<p>N/A</p>,2026-07-28 16:14:08.677000
58656,9,1,,2024-06-14 17:28:43.430000
58664,9,1,,2024-04-04 12:36:19.860000
58673,8,1,<p>N/A</p>,2023-11-22 19:02:54.993000
58677,5,1,,2023-11-07 12:39:48.677000
58679,38,1,<p>N/A</p>,2026-08-07 16:28:49.673000
58689,6,1,,2023-09-19 13:22:32.483000
58695,11,1,,2025-01-13 16:08:10.913000
58700,17,1,<p>N/A</p>,2026-06-16 16:16:30.217000
58706,12,1,,2023-11-08 14:53:40.743000
58710,92,1,,2026-07-28 16:14:52.327000
58713,13,1,<p>N/A</p>,2026-06-19 22:31:40.983000
58718,16,1,<p>N/A</p>,2026-06-16 15:27:01.023000
58720,90,1,<p>N/A</p>,2026-07-28 13:17:17.420000
58731,16,1,,2025-03-06 18:09:52.650000
58734,20,1,,2026-07-30 19:18:02.777000
58737,10,1,,2023-11-15 12:45:39.003000
58741,18,1,<p>All those not listed under the &ldquo;ICD-10 Codes that Support Medical Necessity&rdquo; section of this article.</p>,2025-07-24 14:54:39.267000
58745,21,1,,2025-03-14 19:03:50.007000
58747,65,1,,2026-07-02 16:11:47.580000
58756,26,1,<p>N/A</p>,2026-07-31 11:47:36.810000
58759,13,1,,2026-06-17 16:58:55.407000
58761,70,1,<p>N/A</p>,2026-07-31 11:33:30.770000
58774,24,1,,2026-06-18 15:38:08.107000
58777,11,1,,2023-11-20 16:38:03.117000
58788,18,1,,2026-07-23 11:37:16.420000
58795,15,1,,2025-01-24 17:57:05.400000
58797,15,1,,2025-01-24 17:58:11.567000
58801,85,1,"<p><span style=""line-height: 115%;"">All those not listed under the &ldquo;ICD-10-CM Codes that Support Medical Necessity&rdquo; section of this article.</span></p>",2026-07-10 13:49:07.267000
58808,12,1,<p>N/A</p>,2023-07-14 11:34:24.400000
58810,11,1,<p>N/A</p>,2023-07-14 11:34:57.583000
58812,81,1,"<p><span style=""line-height: 115%;"">All those not listed under the &ldquo;ICD-10-CM Codes that Support Medical Necessity&rdquo; section of this article.</span></p>",2026-07-10 13:49:43.543000
58814,12,1,,2023-12-20 16:00:55.060000
58817,6,1,,2023-11-07 16:43:54.390000
58821,7,1,,2022-03-09 15:36:34.360000
58828,15,1,,2026-03-13 13:22:32.063000
58833,17,1,"<p>For the specific HCPCS code indicated above, all ICD-10 codes that are not specified in the previous section.</p>
<p>For all other HCPCS codes, ICD-10 codes are not specified.</p>",2023-11-01 18:00:24.930000
58836,20,1,<p>N/A</p>,2023-05-11 16:14:08.613000
58865,24,1,<p>All those not listed under the &ldquo;ICD-10 Codes that Support Medical Necessity&rdquo; section of this article.</p>,2025-09-22 11:36:32.577000
58872,6,1,<p>All those not listed under the &ldquo;ICD-10 Codes that Support Medical Necessity&rdquo; section of this article.</p>,2025-09-26 14:02:54.337000
58873,7,1,<p>All those not listed under the &ldquo;ICD-10 Codes that Support Medical Necessity&rdquo; section of this article.</p>,2025-09-26 14:13:35.937000
58876,12,1,,2026-01-27 16:23:15.933000
58883,6,1,"<p><span style=""line-height: 115%;"">All those not listed under the <strong><em>ICD-10-CM Codes that Support Medical Necessity</em></strong> section of this article.</span></p>",2023-03-08 14:23:30.547000
58893,19,1,<p>All those not listed under the &ldquo;ICD-10 Codes that Support Medical Necessity&rdquo; section of this article.</p>,2025-09-17 20:36:24.793000
58917,101,1,<p>N/A</p>,2026-07-10 13:50:33.870000
58918,90,1,<p>N/A</p>,2026-07-10 13:51:17.710000
58921,11,1,,2024-10-21 10:27:51.380000
58963,11,1,,2025-07-16 15:41:29.233000
58973,27,1,<p>N/A</p>,2025-09-19 19:14:52.920000
58982,19,1,,2025-04-10 12:56:55.453000
58988,24,1,,2025-04-15 11:39:47.337000
58993,16,1,,2025-09-04 18:56:44.437000
58996,31,1,<p>&nbsp;N/A</p>,2025-04-15 12:37:32.130000
58998,19,1,,2025-04-14 12:10:38.457000
59004,20,1,,2025-04-25 17:04:32.047000
59006,4,1,,2023-11-07 12:36:50.980000
59015,3,1,,2023-03-24 13:40:24.893000
59028,12,1,,2026-01-27 16:14:32.620000
59030,13,1,,2026-01-27 16:46:36.520000
59032,7,1,<p>N/A</p>,2023-11-22 17:23:11.323000
59036,23,1,,2026-02-04 14:04:18.777000
59040,12,1,,2024-12-23 16:53:17.577000
59042,13,1,,2024-08-08 18:09:08.973000
59049,16,1,<p>All those not listed under the &ldquo;ICD-10 Codes that Support Medical Necessity&rdquo; section of this article.</p>,2023-11-22 12:43:44.360000
59051,6,1,,2025-02-06 19:17:00.407000
59060,4,1,"<b>ICD-10-CM code Z30.2, sterilization should be noted in Item 24E of the CMS-1500 claim form or the electronic equivalent:</b>",2022-04-07 16:12:12.597000
59066,10,1,,2025-10-31 21:06:19.213000
59101,28,1,,2025-09-17 14:19:30.643000
59105,36,1,,2026-07-24 15:31:37.203000
59109,7,1,,2023-10-03 12:37:44.847000
59121,3,1,,2023-03-22 12:01:22.960000
59123,28,1,<p>All those not listed under the &ldquo;ICD-10-CM Codes that Support Medical Necessity&rdquo; section of this article.</p>,2025-01-03 19:42:36.483000
59125,38,1,<p>All those not listed under the &ldquo;ICD-10-CM Codes that Support Medical Necessity&rdquo; section of this article.</p>,2025-01-03 19:41:29.280000
59126,5,1,,2024-03-05 16:37:45.727000
59154,13,1,,2026-03-16 18:20:07.990000
59158,9,1,,2024-01-02 22:06:16.573000
59160,13,1,,2025-08-14 18:05:50.007000
59163,7,1,,2026-02-19 15:23:04.480000
59170,5,1,,2023-08-22 19:03:46.347000
59175,11,1,,2024-09-25 13:10:32.067000
59179,10,1,<p>N/A</p>,2023-11-22 17:10:57
59186,22,1,,2025-08-25 19:39:12.517000
59192,15,1,,2024-11-08 16:43:50.060000
59205,3,1,,2023-01-13 14:25:21.660000
59215,9,1,,2026-02-27 16:20:49.390000
59217,5,1,,2022-09-09 11:19:41.813000
59218,5,1,,2022-09-09 11:20:33.497000
59233,19,1,,2024-05-20 11:58:35.723000
59244,18,1,<p>N/A</p>,2024-05-31 17:09:36.833000
59254,3,1,<p>N/A</p>,2022-09-20 12:24:34.223000
59257,11,1,,2024-12-18 15:04:20.420000
59259,8,1,,2024-11-20 13:59:47.860000
59261,7,1,<p>N/A</p>,2025-09-17 17:20:53.207000
59268,27,1,<p>All those not listed under the &ldquo;ICD-10-CM Codes that Support Medical Necessity&rdquo; section of this article.</p>,2025-01-24 14:03:23.493000
59270,26,1,<p>All those not listed under the &ldquo;ICD-10-CM Codes that Support Medical Necessity&rdquo; section of this article.</p>,2025-01-24 14:03:59.767000
59295,6,1,,2025-04-16 19:11:30.957000
59299,12,1,,2025-12-01 15:23:24.280000
59311,10,1,,2024-09-18 12:58:18.373000
59318,13,1,,2026-02-19 15:11:02.433000
59323,4,1,,2024-12-03 17:14:53.767000
59332,15,1,,2026-04-17 13:36:17.917000
59350,27,1,"<p><span style=""line-height: 115%;"">N/A</span></p>",2026-04-28 18:58:16.693000
59371,7,1,,2026-02-04 14:05:59.977000
59374,14,1,"<p><p style=""line-height: normal;"">All those not listed under the &ldquo;ICD-10 Codes that Support Medical Necessity&rdquo; section of this article.</p></p>",2025-09-18 20:03:02.400000
59380,3,1,<p>N/A</p>,2024-06-28 13:40:37.277000
59382,4,1,<p>N/A</p>,2024-06-28 11:41:21.453000
59386,4,1,<p>N/A</p>,2024-06-28 14:07:23.513000
59416,14,1,,2026-07-30 19:17:12.147000
59423,4,1,,2026-02-19 16:30:13.547000
59429,4,1,,2026-04-20 12:35:40.417000
59434,19,1,<p>All those not listed under the &#8220;ICD-10 Codes that Support Medical Necessity&#8221; section of this article.</p>,2025-09-16 17:56:25.783000
59449,2,1,,2023-06-01 15:03:46.650000
59462,4,1,,2024-08-01 12:59:19.297000
59466,7,1,<p>All codes not listed in Group one paragraph Diagnosis Codes</p>,2023-12-11 04:44:05.157000
59470,4,1,,2024-06-07 12:15:47.607000
59472,4,1,,2024-08-01 13:59:00.267000
59474,4,1,,2025-05-13 19:14:46.320000
59476,4,1,,2024-08-02 14:22:52.313000
59480,10,1,,2025-09-18 19:56:26.323000
59482,4,1,,2025-06-11 12:11:53.170000
59484,8,1,,2025-01-02 16:02:07.363000
59487,15,1,,2025-12-22 18:24:59.650000
59491,7,1,<p>All those not listed under the &ldquo;ICD-10-CM Codes that Support Medical Necessity&rdquo; section of this article.</p>,2023-07-21 14:46:44.033000
59498,10,1,,2026-01-27 16:44:14.490000
59505,5,1,<p>N/A</p>,2024-08-02 11:56:44.560000
59509,5,1,<p>N/A</p>,2024-06-07 12:35:20.710000
59513,4,1,<p>N/A</p>,2024-08-01 12:27:55.410000
59521,11,1,,2025-01-02 13:12:49.380000
59529,10,1,,2025-08-01 00:24:31.887000
59536,7,1,,2025-01-23 20:22:49.190000
59549,5,1,,2026-06-18 12:54:10.410000
59551,5,1,,2026-06-18 12:47:39.113000
59553,11,1,<p>Non-covered</p>,2026-01-22 20:10:15.860000
59560,4,1,,2026-04-16 17:53:00.067000
59561,3,1,<p>N/A</p>,2023-09-19 20:27:07.247000
59595,4,1,<p>Any ICD-10-CM code not listed as required above.</p>,2024-06-03 11:31:32.570000
59608,32,1,,2026-04-04 15:22:22.313000
59624,19,1,,2026-03-30 15:54:29.640000
59632,23,1,,2026-04-01 16:37:34.473000
59634,10,1,,2026-04-02 13:25:17.927000
59636,34,1,,2026-07-21 12:44:17.330000
59641,35,1,<p>N/A</p>,2026-07-21 12:13:50.867000
59646,19,1,,2026-07-24 12:24:46.290000
59649,30,1,<p>N/A</p>,2026-07-24 11:56:06.640000
59654,4,1,<p>N/A</p>,2024-05-21 14:17:38.910000
59657,9,1,,2025-07-17 23:00:57.207000
59661,3,1,,2024-01-16 18:29:07.243000
59664,17,1,,2026-05-21 14:00:00.077000
59668,29,1,"<p><span style=""line-height: 115%;"">All those not listed under the &ldquo;ICD-10-CM Codes that Support Medical Necessity&rdquo; section of this article. </span></p>",2026-04-24 14:05:58.207000
59672,8,1,,2026-01-27 16:33:59.833000
59674,18,1,"<p><span style=""line-height: 115%;"">All those not listed under the &ldquo;ICD-10-CM Codes that Support Medical Necessity&rdquo; section of this article. </span></p>",2026-04-24 14:06:46.160000
59678,4,1,,2024-02-22 19:17:29.483000
59680,3,1,,2024-02-16 18:32:52.820000
59682,4,1,,2024-12-27 21:50:19.517000
59685,5,1,<p>N/A</p>,2024-02-23 14:22:38.823000
59695,12,1,,2025-12-23 11:46:35.460000
59698,3,1,,2024-02-22 21:28:43.410000
59700,5,1,,2026-02-20 13:36:59.810000
59707,25,1,,2026-04-03 17:45:10.580000
59713,5,1,,2024-05-20 14:00:21.180000
59714,16,1,,2026-04-02 13:24:45.030000
59716,8,1,,2026-01-05 14:14:54.910000
59718,10,1,,2026-01-20 13:10:48.303000
59721,6,1,,2026-01-16 14:27:39.540000
59723,10,1,"<p><span style=""line-height: 115%;"">ICD-10 codes must be coded to the highest level of specificity.</span></p>",2026-01-27 16:24:58.230000
59725,3,1,,2024-05-23 12:18:32.350000
59726,19,1,,2026-04-04 15:22:58.903000
59727,4,1,<p>N/A<br /><br /><br /></p>,2024-05-23 22:26:32.723000
59728,4,1,<p>N/A<br /><br /><br /></p>,2024-05-23 22:28:12.963000
59733,10,1,,2025-12-22 18:33:07.447000
59741,4,1,,2024-05-17 17:00:44.797000
59743,5,1,,2024-05-17 11:51:08.703000
59752,4,1,,2024-04-17 15:53:22.593000
59764,16,1,,2026-01-23 14:18:49
59766,29,1,,2026-01-23 14:11:37.910000
59769,9,1,,2025-12-23 12:01:46.887000
59792,3,1,,2024-05-17 17:53:38.763000
59798,2,1,,2024-05-21 12:23:03.120000
59805,20,1,,2026-07-24 11:49:36.270000
59807,8,1,<p>Any ICD-10-CM code not listed in Group 1 &ldquo;ICD-10 Codes that Support Medical Necessity&rdquo; section.</p>,2026-07-27 12:14:39.193000
59808,2,1,,2024-05-21 16:54:13.630000
59809,10,1,,2026-04-29 15:08:35.250000
59811,5,1,,2026-01-20 20:47:50.080000
59813,6,1,,2026-01-22 18:57:23.520000
59819,18,1,,2025-03-20 20:42:05.767000
59827,7,1,,2025-11-10 14:25:37.967000
59835,8,1,,2025-11-14 13:04:53.663000
59847,8,1,,2025-09-16 12:46:06.443000
59849,8,1,,2025-09-18 14:46:44.043000
59860,5,1,,2025-08-22 15:36:03.890000
59862,7,1,,2025-09-19 17:11:59.637000
59866,6,1,,2026-05-28 13:18:08.493000
59868,8,1,,2025-09-19 13:35:19.537000
59872,9,1,,2025-09-19 13:39:05.650000
59878,4,1,,2025-01-24 20:11:21.993000
59880,3,1,,2025-02-18 17:08:42.070000
59882,9,1,,2026-05-26 12:23:25.937000
59892,2,1,,2024-08-16 18:25:16.350000
59898,2,1,,2024-09-23 12:27:59.547000
59906,6,1,<p>N/A</p>,2025-10-22 15:46:02.363000
59908,6,1,<p>N/A</p>,2025-09-17 18:40:36.057000
59915,27,1,"<p><span style=""line-height: 115%;"">All those not listed under the &ldquo;ICD-10-CM Codes that Support Medical Necessity&rdquo; section of this article.</span></p>",2025-12-22 14:05:55.947000
59919,5,1,,2025-11-14 13:10:49.407000
59933,9,1,<p>All those not listed under the &ldquo;ICD-10-CM Codes that Support Medical Necessity&rdquo; section of this article</p>,2024-10-04 15:29:36.283000
59939,5,1,,2025-11-18 17:41:35.547000
59940,5,1,<p>All those not listed under the &ldquo;ICD-10-CM Codes that Support Medical Necessity&rdquo; section of this article</p>,2024-10-04 15:30:23.437000
59960,3,1,"<p><span style=""line-height: 115%;"">All other ICD-10-CM codes not listed under <strong><em>ICD-10-CM Codes that Support Medical Necessity</em></strong> will be denied as not medically necessary.</span></p>",2025-01-31 15:27:56.453000
59971,3,1,,2025-09-05 14:00:09.427000
59973,7,1,,2025-09-04 14:32:13.863000
59976,4,1,,2025-09-02 20:38:50.867000
59981,3,1,,2025-09-03 10:53:52.420000
60145,6,1,,2025-07-09 12:21:59.777000
60146,6,1,,2026-07-08 13:05:47.100000
60151,6,1,<p>N/A</p>,2025-07-11 15:54:49.340000
60152,8,1,<p>N/A</p>,2026-07-31 21:13:48.957000
60154,6,1,<p>N/A</p>,2025-07-11 15:55:34.900000
60155,6,1,<p>N/A</p>,2026-07-31 21:16:02.040000
60160,6,1,,2025-07-10 11:35:33.813000
60161,4,1,,2026-07-08 12:55:18.207000
60176,18,1,,2026-04-09 21:06:45.100000
60177,5,1,,2025-05-09 11:26:42.227000
60178,3,1,<p>N/A</p>,2025-05-06 21:48:45.037000
60179,4,1,<p>N/A</p>,2025-05-06 21:54:09.710000
60180,4,1,,2025-05-08 12:36:56.940000
60181,12,1,,2026-04-06 19:39:37.860000
60184,3,1,,2025-05-08 17:54:14.147000
60185,11,1,,2026-04-29 18:55:07.760000
60194,2,1,,2025-05-06 15:04:53.330000
60195,4,1,"<p><span style=""line-height: 115%;"">All those not listed under the &ldquo;ICD-10 Codes that Support Medical Necessity&rdquo; section of this article. </span></p>",2025-05-22 20:22:10.500000
60196,4,1,"<p><span style=""text-align: left; color: #212529; text-transform: none; text-indent: 0px; letter-spacing: normal; font-family: Verdana, 'Helvetica Neue', Helvetica, Arial, sans-serif; font-size: 14px; font-style: normal; font-weight: 400; word-spacing: 0px; float: none; display: inline !important; white-space: normal; orphans: 2; widows: 2; background-color: #ffffff; font-variant-ligatures: normal; -webkit-text-stroke-width: 0px; font-variant-caps: normal; text-decoration-style: initial; text-decoration-color: initial;"">All those not listed under the &ldquo;ICD-10 Codes that Support Medical Necessity&rdquo; section of this article.</span></p>",2025-05-22 20:22:41.977000
60204,7,1,,2025-08-18 13:50:44.043000
60205,4,1,,2026-06-19 12:57:32.440000
60210,3,1,,2025-05-08 20:58:52.757000
60211,10,1,,2026-04-06 16:14:57.683000
60212,2,1,,2025-05-07 16:57:58.917000
60213,13,1,,2026-04-10 11:53:59.373000
60214,4,1,,2025-08-21 18:29:10.763000
60215,4,1,,2026-06-19 12:14:49.853000
60216,4,1,,2025-08-22 14:21:18.117000
60217,4,1,,2026-06-19 13:18:00.627000
60221,3,1,,2025-09-19 13:10:02.370000
60222,4,1,,2026-05-14 12:45:24.450000
60234,3,1,"<p><span style=""line-height: 115%;"">All those not listed under the <strong><em>ICD-10-CM Codes that Support Medical Necessity</em></strong> section of this article. </span></p>",2025-07-17 14:52:46.097000
60235,3,1,,2025-08-18 14:00:09.923000
60238,3,1,,2025-08-22 13:39:43.777000
60240,3,1,,2025-08-21 18:28:22.650000
60244,2,1,,2025-09-18 15:32:47.170000
60245,3,1,,2025-11-24 14:22:09.723000
60246,3,1,,2025-09-19 13:11:25.180000
60247,6,1,,2026-04-10 14:16:04.887000
60249,5,1,,2025-09-18 15:34:00.667000
60250,8,1,,2026-03-26 12:01:48.810000
60255,5,1,,2025-08-18 13:55:45.757000
60271,2,1,,2025-08-22 14:02:20.633000
60273,2,1,,2025-07-11 19:17:48.453000
60274,4,1,,2026-07-20 18:27:39.140000
60275,2,1,,2025-07-18 11:41:50.570000
60276,3,1,<p>N/A</p>,2025-09-03 17:34:46.887000
60278,6,1,,2025-09-19 13:32:10.173000
60279,4,1,,2026-04-29 14:04:45.833000
60285,4,1,,2025-09-19 13:10:56.383000
60286,6,1,,2026-05-08 13:56:31.820000
60291,2,1,,2025-09-17 13:34:11.887000
60292,4,1,,2026-05-08 13:06:18.603000
60293,3,1,,2025-08-21 18:27:03.487000
60295,3,1,,2025-09-17 13:30:49.270000
60297,3,1,,2025-09-19 13:12:09.147000
60299,3,1,,2025-09-16 18:35:55.063000
60301,3,1,,2025-09-18 14:45:05.743000
60304,3,1,,2025-09-18 15:45:11.010000
60305,2,1,<p>N/A</p>,2025-08-19 14:40:00.193000
60306,3,1,<p>N/A</p>,2026-06-18 15:27:23.323000
60307,3,1,<p>N/A</p>,2025-09-15 16:48:05.710000
60309,3,1,<p>N/A</p>,2025-09-15 17:12:39.460000
60314,5,1,<p>All those not listed under the &#8220;ICD-10 Codes that Support Medical Necessity&#8221; section of this article.</p>,2025-09-05 17:38:50.237000
60315,4,1,<p>All those not listed under the &#8220;ICD-10-CM Codes that Support Medical Necessity&#8221; section of this article.</p>,2026-03-27 16:53:32.337000
60317,4,1,<p>All those not listed under the &#8220;ICD-10 Codes that Support Medical Necessity&#8221; section of this article.</p>,2025-09-05 17:42:49.697000
60318,5,1,<p>All those not listed under the &#8220;ICD-10-CM Codes that Support Medical Necessity&#8221; section of this article.</p>,2026-03-27 16:54:24.140000
60321,2,1,<p>N/A</p>,2025-09-16 17:46:48.023000
60323,3,1,,2026-01-08 13:42:51.173000
60324,3,1,,2026-05-21 17:57:06.527000
60325,2,1,,2025-09-18 18:47:23.977000
60333,12,1,<p>All those not listed under the &#8220;ICD-10-CM Codes that Support Medical Necessity&#8221; section of this article.</p>,2026-02-13 17:53:58.577000
60340,11,1,<p>All those not listed under the &#8220;ICD-10-CM Codes that Support Medical Necessity&#8221; section of this article.</p>,2026-02-13 17:54:53.993000
60360,4,1,,2026-01-09 13:29:34.347000
60361,7,1,<p>N/A</p>,2026-08-05 19:02:12.210000
60363,4,1,,2026-01-26 17:04:09.020000
60374,4,1,,2026-01-09 14:50:42.223000
60375,5,1,,2026-08-06 16:15:08.903000
60376,3,1,,2026-01-08 15:31:20.633000
60377,5,1,<p>N/A</p>,2026-08-06 19:12:09.080000
60380,5,1,,2026-01-08 19:39:12.907000
60381,3,1,,2026-05-21 19:43:27.920000
60390,3,1,,2026-01-22 17:54:26.240000
60391,4,1,<p>N/A</p>,2026-08-06 15:10:22.177000
60393,2,1,,2026-01-22 19:04:57.420000
60397,5,1,,2026-01-16 23:44:17.287000
60407,4,1,,2026-05-13 18:27:50.757000
60409,2,1,"<p><p style=""line-height: normal;"">The following ICD-10-CM codes are considered non-covered for all molecular pathology procedures:</p></p>",2026-03-27 12:42:37.187000
60410,6,1,,2026-05-14 12:42:24.120000
60418,3,1,,2026-05-14 11:53:39.860000
60420,5,1,,2026-05-14 12:48:21.927000
60422,3,1,,2026-04-16 11:46:36.197000
60423,12,1,<p>All those not listed under the &#8220;ICD-10-CM Codes that Support Medical Necessity&#8221; section of this article.</p>,2026-05-08 16:15:01.183000
60425,4,1,<p>All those not listed under the &#8220;ICD-10-CM Codes that Support Medical Necessity&#8221; section of this article.</p>,2026-05-08 16:16:01.447000
60432,4,1,,2026-05-14 20:00:13.077000
60435,3,1,,2026-05-12 00:12:28.273000
60462,3,1,,2026-06-26 12:56:59.690000
60507,2,1,,2026-07-24 20:50:48.083000
