lcd_id,lcd_version,sticky_note_version,sticky_note,sticky_note_dt,sticky_note_posting_dt
33975,25,1,Revision History #R7 should say that the LCD was revised not the article.,2021-07-28 10:58:59,2021-08-05 00:00:00
33977,18,1,Note: In the “Explanation of Revision:” in Revision History Number R4 it was indicated that the addition of ICD-10-CM codes was based on a reconsideration request in error. This addition of the ICD-10-CM codes was based on an external correspondence.,2019-11-07 00:06:56,2019-11-14 00:00:00
39122,3,1,"Comments are only open for this addition “Coverage criteria expanded to include blood-based biomarker colorectal cancer screening test, positive, in compliance with revised NCD 210.3, Colorectal Cancer Screening Tests.”",2021-09-22 17:01:00,2021-09-30 00:00:00
39365,149,1,"Please note clarification to the Issues Description third paragraph below: <br />On 3/20/2025, a revision was made throughout LCD to change verbiage referring to gender. This update was made to the version of this LCD updated on 04/25/2025 and published on the Medicare Coverage Database on 05/01/2025.<br />",2025-05-07 14:24:26,2025-05-15 00:00:00
39367,41,1,"Please note clarification to the Issues Description third paragraph below: <br />On 3/20/2025, a revision was made throughout LCD to change verbiage referring to gender. This update was made to the version of this LCD updated on 04/25/2025 and published on the Medicare Coverage Database on 05/01/2025.<br />",2025-05-07 14:27:56,2025-05-15 00:00:00
39835,10,1,"Under the Bibliography, a broken hyperlink was fixed on source #234. The updated link is:  https://eyewiki.org/Botulinum_Toxin_Use_In_Strabismus",2026-01-07 17:37:17,2026-01-15 00:00:00
39856,3,1,"Update to Bibliography #242 due to a broken hyperlink. Please refer to: Jacobson BH, Johnson A, Grywalski C, et al. The voice handicap index (VHI): Development and validation. American Journal of Speech-Language Pathology. 1997;6(3):66-70.",2025-12-17 15:42:02,2025-12-25 00:00:00
39856,3,2,"Link in #234 in bibliography section is broken please use this link instead to review literature reviewed. https://eyewiki.org/Botulinum_Toxin_Use_In_Strabismus<br /><br />Update to Bibliography #242 due to a broken hyperlink. Please refer to: Jacobson BH, Johnson A, Grywalski C, et al. The voice handicap index (VHI): Development and validation. American Journal of Speech-Language Pathology. 1997;6(3):66-70.<br /> <br />",2026-01-09 14:26:37,2026-01-15 00:00:00
39858,4,1,"Update to Bibliography #242 due to a broken hyperlink. Please refer to: Jacobson BH, Johnson A, Grywalski C, et al. The voice handicap index (VHI): Development and validation. American Journal of Speech-Language Pathology. 1997;6(3):66-70.",2025-12-17 19:29:49,2025-12-25 00:00:00
39858,4,2,Under the Bibliography a broken hyperlink was fixed on source #234. The updated link is:  https://eyewiki.org/Botulinum_Toxin_Use_In_Strabismus,2026-01-20 16:21:52,2026-01-29 00:00:00
39859,4,1,"Update to Bibliography #242 due to a broken hyperlink. Please refer to: Jacobson BH, Johnson A, Grywalski C, et al. The voice handicap index (VHI): Development and validation. American Journal of Speech-Language Pathology. 1997;6(3):66-70.",2025-12-17 19:30:15,2025-12-25 00:00:00
39859,4,2,Under the Bibliography a broken hyperlink was fixed on source #234. The updated link is:  https://eyewiki.org/Botulinum_Toxin_Use_In_Strabismus,2026-01-20 16:22:44,2026-01-29 00:00:00
39908,2,1,The following link has been updated: <br />242. American Journal of Speech-Language Pathology. The voice handicap index (vhi): development and validation. https://www.amc.edu/patient/amfp_forms/Voice_Handicap_Index_2015.pdf.  The link has been updated to https://www.researchgate.net/publication/269884019_The_Voice_Handicap_Index_VHI,2025-12-03 16:30:50,2025-12-11 00:00:00
39908,2,2,Under the Bibliography a broken hyperlink was fixed on source #234. The updated link is:  https://eyewiki.org/Botulinum_Toxin_Use_In_Strabismus. ,2026-01-07 14:58:03,2026-01-15 00:00:00
39908,2,3,"Under Upper and Lower Spasticity Indications for Coverage, #4 under Initial Botulinum Toxin Injections and #3 under Subsequent Botulinum Toxin Injections the sentence should state: EMG, electrical stimulation, and/or ultrasonography, rather than site pain or tenderness, is allowed to determine injection site(s) for botulinum toxin especially for spastic conditions of the face, neck and upper extremity.",2026-05-05 12:53:37,2026-05-14 00:00:00
40025,8,1,"The JN website was recently updated. As a result, the link in the Open Meetings and the Contractor Advisory Committee (CAC) Meetings sections of this Proposed LCD are not working. <br /><br />The updated link for the Open Meetings section is https://medicare.fcso.com/medical-affairs/proposed-local-coverage-determinations-lcds-open-meetings and the updated link for the Contractor Advisory Committee (CAC) Meetings section is https://medicare.fcso.com/medical-affairs/proposed-local-coverage-determination-contractor-advisory-committee-cac-meetings<br /><br /><br /><br />",2025-11-07 17:05:16,2025-11-13 00:00:00
40221,4,1,"Under Summary of Evidence, subheading Non-NGS Targeted Molecular Panel Tests: 6th paragraph revised 2nd sentence to state: ""However, testing that includes multiple assays is expected to detect the most common relevant gene alterations in a matter of hours."" ",2026-06-29 20:03:36,2026-07-09 00:00:00
40268,6,1,Only the removal of references to carpal and tarsal tunnel injections is open for official comment.,2025-09-18 16:10:42,2025-09-25 00:00:00
40269,12,1,The number 11 source listed in the Bibliography of this proposed Nebulizers LCD (DL33370) contains a webpage link that is no longer functional. The linked webpage has been moved to a new location on the Centers for Disease Control and Prevention (CDC) website.<br /> <br />The link that is no longer functional redirects to the new location on the CDC website after 10 seconds.<br /> <br />Here is the direct link to the webpage at the new location on the CDC website: https://www.cdc.gov/disability-and-health/about/index.html [cdc.gov]<br />,2025-12-16 14:53:51,2025-12-25 00:00:00
40269,12,2,"Within the Open Meetings table, the registration link (located in the Meeting Information column) no longer directs viewers to an active registration for the meeting. The meeting registration previously closed, and the meeting date has passed.",2026-01-16 19:58:45,2026-01-22 00:00:00
40270,19,1,"Within the Open Meetings table, the registration link (located in the Meeting Information column) no longer directs viewers to an active registration for the meeting. The meeting registration previously closed, and the meeting date has passed.",2026-01-20 20:03:15,2026-01-29 00:00:00
40279,6,1,Only the Indications of Coverage for Unilateral Pallidotomy are open for official comment.,2025-09-18 19:00:16,2025-09-25 00:00:00
40288,7,1,"The JN website was recently updated. As a result, the link in the “Open Meetings” section of the LCD is not working. Please use the following link for information on the upcoming Open Meeting: https://medicare.fcso.com/medical-affairs/proposed-local-coverage-determinations-lcds-open-meetings",2025-09-19 15:27:27,2025-09-25 00:00:00
40314,11,1,Please note: The correct time for the Open Meeting on March 5 is 1:00 PM ET.,2026-02-20 19:37:13,2026-02-26 00:00:00
40327,4,1,"Under the Bibliography, a broken hyperlink was fixed on source #40. The updated link is: https://medpolicy.ibx.com/ibc/Commercial/Pages/Policy/9a9b7526-a15b-4245-8bd7-5c60adfb8fd4.aspx",2026-04-16 18:19:19,2026-04-23 00:00:00
40340,3,1,The Contractor Advisory Committee (CAC) Meetings for this proposed LCD is 02/19/2026. The 01/19/2026 date was listed in error. https://www.wpsgha.com/guides-resources/view/538,2026-01-29 14:46:57,2026-02-05 00:00:00
40340,3,2,Bibliography source # 40 was updated to correct the broken hyperlink to https://medpolicy.ibx.com/ibc/Commercial/Pages/Policy/9a9b7526-a15b-4245-8bd7-5c60adfb8fd4.aspx,2026-04-15 12:45:41,2026-04-23 00:00:00
40351,3,1,Only the removal of the sentence “The treatment shall be given under direct supervision of this NPP” under the Indications of coverage is open for official comment.,2026-03-27 15:56:01,2026-04-02 00:00:00
40357,4,1,Only the removal of APOE from the list of Tier 2 Non-covered Codes/Gene Combinations is open for comment.,2026-03-27 13:07:39,2026-04-02 00:00:00
40377,27,1,"<b>Please note:</b> The Comment Period Start and End Dates listed below are incorrect. <b>The correct comment period for this Proposed LCD is from May 14, 2026, to June 27, 2026.</b>",2026-05-13 18:48:41,2026-05-21 00:00:00
40379,8,1,"<b>Please note:</b> The Comment Period Start and End Dates listed below are incorrect. <b>The correct comment period for this Proposed LCD is from May 14, 2026, to June 27, 2026.</b><br />",2026-05-13 18:51:00,2026-05-21 00:00:00
40384,5,1,"The proposed draft incorrectly states N/A under Contractor Advisory Committee (CAC) Meetings. A CAC engagement meeting will be held via teleconference for this proposed LCD on 07/02/2026 for Iowa, Kansas, Missouri, Nebraska, Indiana, and Michigan. The Open Meeting on 06/24/2026 will also be held via teleconference. <br /><br />",2026-05-21 18:03:07,2026-05-28 00:00:00
