lcd_id,lcd_version,reason_change_id,reason_change_version,last_updated,reason_change_other
33252,29,82,3,2020-06-19 22:52:07.837000,Revision based on CMS directive
33261,40,70,3,2021-05-21 14:22:14.223000,
33267,17,82,3,2019-11-21 23:30:58.100000,Revision based on CR 10901
33274,43,76,3,2025-09-19 13:08:10.563000,
33312,40,55,3,2025-09-23 19:55:07.483000,
33317,34,55,3,2025-03-27 12:50:40.110000,
33317,34,73,3,2025-03-27 12:50:40.110000,
33318,63,55,3,2025-12-04 18:13:27.117000,
33318,63,76,3,2025-12-04 18:13:27.117000,
33369,26,55,3,2020-02-28 20:03:20.503000,
33369,26,82,3,2020-02-28 20:03:20.503000,
33370,58,55,3,2026-02-12 16:12:14.977000,
33393,10,81,3,2026-07-14 18:56:12.033000,
33394,55,79,3,2026-07-16 17:06:03.570000,
33396,11,81,3,2026-07-14 20:41:57.727000,
33398,40,79,3,2026-07-16 17:54:30.043000,
33399,15,81,3,2026-07-14 20:41:55.513000,
33405,25,82,3,2020-06-19 22:57:32.407000,Revision based on CMS directive
33411,29,72,3,2019-10-02 20:01:15.203000,
33411,29,82,3,2019-10-02 20:01:15.203000,"Revisions based on CRs 10901, 11322, 11333"
33417,40,55,3,2021-04-05 19:41:21.767000,
33420,41,55,3,2021-02-25 14:46:39.263000,
33423,58,55,3,2025-06-20 13:43:45.387000,
33428,53,55,3,2021-07-23 13:55:57.137000,
33431,59,55,3,2025-09-12 14:31:46.170000,
33436,38,55,3,2023-11-10 13:33:12.840000,
33438,47,55,3,2024-07-12 13:09:21.227000,
33444,42,55,3,2024-12-23 14:14:07.640000,
33445,79,55,3,2025-10-17 13:31:43.890000,
33446,47,55,3,2021-06-18 14:58:02.263000,
33447,48,55,3,2024-09-10 13:47:08.253000,
33449,36,55,3,2019-11-09 15:55:07.880000,
33455,31,55,3,2021-09-03 12:52:54.543000,
33456,71,55,3,2023-06-05 14:08:41.027000,
33457,61,55,3,2023-03-14 13:39:27.127000,
33459,46,55,3,2026-06-03 14:18:38.573000,
33461,64,55,3,2024-03-01 14:55:00.330000,
33467,49,55,3,2023-05-01 14:04:49.193000,
33557,48,81,3,2026-07-14 20:41:54.743000,
33558,33,81,3,2026-07-14 20:41:54.943000,
33559,29,81,3,2026-07-14 20:41:54.827000,
33560,36,81,3,2026-07-14 20:41:54.883000,
33563,27,81,3,2026-07-14 20:41:56.020000,
33567,28,81,3,2026-07-14 20:41:57.053000,
33569,32,81,3,2026-07-14 20:41:57.467000,
33573,25,81,3,2026-07-14 20:41:54.510000,
33574,38,81,3,2026-07-14 20:41:59.280000,
33575,44,81,3,2026-07-14 20:41:59.103000,
33576,24,81,3,2026-07-14 20:41:59.047000,
33577,44,81,3,2026-07-14 20:41:58.827000,
33578,18,81,3,2026-07-14 20:41:58.763000,
33579,39,81,3,2026-07-14 20:41:58.707000,
33580,41,81,3,2026-07-14 20:41:58.393000,
33583,21,72,3,2019-10-02 19:21:14.787000,
33583,21,82,3,2019-10-02 19:21:14.787000,"Revisions based on CRs 10901, 11332, 11333"
33585,34,81,3,2026-07-14 20:41:54.677000,
33591,19,79,3,2026-07-16 17:26:30.167000,
33609,14,82,3,2020-12-31 15:54:33.027000,Revision based on TDL 200268
33610,70,55,3,2026-06-19 14:02:56.097000,
33610,70,73,3,2026-06-19 14:02:56.097000,
33611,25,55,3,2021-06-18 15:48:24.730000,
33611,25,76,3,2021-06-18 15:48:24.730000,
33612,26,55,3,2023-12-07 16:05:12.877000,
33612,26,82,3,2023-12-07 16:05:12.877000,CMS Final Rule CMS-1780-F
33614,27,81,3,2026-07-14 20:41:55.453000,
33616,11,81,3,2026-07-14 20:41:57.107000,
33618,23,82,3,2019-11-22 00:16:56.627000,Revision based on CR 10901
33619,25,81,3,2026-07-14 20:41:56.790000,
33621,16,81,3,2026-07-14 20:41:56.983000,
33622,36,81,3,2026-07-14 20:41:57.270000,
33623,26,81,3,2026-07-14 20:41:57.403000,
33624,34,81,3,2026-07-14 20:41:57.847000,
33626,45,81,3,2026-07-14 20:41:57.910000,
33627,90,81,3,2026-07-14 20:41:56.733000,
33628,34,81,3,2026-07-14 20:41:57.330000,
33630,28,81,3,2026-07-14 20:41:55.393000,
33631,52,81,3,2026-07-14 20:41:57.210000,
33632,83,81,3,2026-07-14 20:41:57.977000,
33633,50,81,3,2026-07-14 20:41:56.143000,
33636,53,81,3,2026-07-14 20:41:58.103000,
33641,21,55,3,2020-02-14 15:56:28.640000,
33641,21,82,3,2020-02-14 15:56:28.640000,
33642,26,55,3,2021-03-12 14:27:15.643000,
33671,48,70,3,2021-01-29 19:04:07.853000,
33671,48,71,3,2021-01-29 19:04:07.853000,
33674,10,82,3,2019-11-21 23:26:33.537000,Revision based on CR 10901
33686,43,55,3,2026-04-03 00:24:14.167000,
33686,43,73,3,2026-04-03 00:24:14.167000,
33689,17,82,3,2019-11-22 00:19:52.600000,Revision based on CR 10901
33690,20,82,3,2020-02-13 15:00:35.830000,
33692,21,55,3,2021-03-11 17:42:07.383000,
33692,21,82,3,2021-03-11 17:42:07.383000,
33693,28,70,3,2023-12-08 14:07:06.693000,
33695,26,82,3,2019-11-21 23:53:49.523000,Revision based on CR10901
33718,52,55,3,2023-12-07 15:39:56.283000,
33718,52,82,3,2023-12-07 15:39:56.283000,CMS Final Rule CMS-1780-F
33733,19,82,3,2020-02-13 15:03:55.230000,
33735,19,82,3,2020-02-13 15:07:16.460000,
33736,20,82,3,2020-02-13 15:23:53.783000,
33737,20,55,3,2020-02-14 15:06:48.587000,
33737,20,82,3,2020-02-14 15:06:48.587000,
33738,18,55,3,2020-02-14 15:20:12.950000,
33738,18,82,3,2020-02-14 15:20:12.950000,
33739,23,55,3,2025-10-23 15:41:54.270000,
33751,43,82,3,2022-01-28 19:43:29.337000,Typo
33756,23,72,3,2019-10-02 20:15:03.390000,
33756,23,82,3,2019-10-02 20:15:03.407000,"Revisions based on CRs 10901, 11322, 11333"
33766,25,82,3,2019-11-21 23:29:38.430000,Revision based on CR 10901
33771,42,82,3,2020-10-23 11:48:42.533000,To comply with CR 10901 and new GWS template.
33774,15,82,3,2019-12-06 14:18:44.877000,
33784,21,82,3,2020-02-14 17:24:42.973000,
33785,40,73,3,2022-11-11 16:09:24.250000,
33786,16,82,3,2020-02-14 17:26:33.470000,
33787,40,55,3,2026-04-03 00:24:54.933000,
33787,40,73,3,2026-04-03 00:24:54.933000,
33788,15,55,3,2020-02-14 19:47:57.833000,
33788,15,82,3,2020-02-14 19:47:57.833000,
33789,38,55,3,2025-10-23 16:55:32.117000,
33789,38,73,3,2025-10-23 16:55:32.117000,
33790,20,55,3,2020-02-28 19:37:39.567000,
33790,20,82,3,2020-02-28 19:37:39.567000,
33791,15,55,3,2020-02-14 19:36:03.500000,
33791,15,82,3,2020-02-14 19:36:03.500000,
33792,43,55,3,2025-10-23 16:58:10.750000,
33793,20,73,3,2020-10-09 14:39:09.520000,
33794,171,55,3,2026-06-19 14:00:46.433000,
33794,171,73,3,2026-06-19 14:00:46.433000,
33795,29,82,3,2020-02-13 18:29:06.700000,
33796,24,55,3,2023-12-07 16:02:52.427000,
33796,24,82,3,2023-12-07 16:02:52.427000,CMS Final Rule CMS-1780-F
33797,50,55,3,2023-04-14 14:44:48.630000,
33797,50,82,3,2023-04-14 14:44:48.630000,NCD 240.2 updates
33799,15,55,3,2020-02-14 17:00:49.880000,
33799,15,82,3,2020-02-14 17:00:49.880000,
33800,43,55,3,2025-10-22 19:26:49.317000,
33800,43,82,3,2025-10-22 19:26:49.317000,NCD 240.9
33801,26,55,3,2023-05-11 16:29:16.180000,
33801,26,76,3,2023-05-11 16:29:16.180000,
33802,35,55,3,2023-12-07 16:05:36.487000,
33802,35,82,3,2023-12-07 16:05:36.487000,CMS Final Rule CMS-1780-F
33803,61,55,3,2026-04-02 16:22:55.410000,
33803,61,73,3,2026-04-02 16:22:55.410000,
33813,15,82,3,2019-11-22 23:51:45.493000,Revision based on CR 10901
33818,15,82,3,2019-11-22 23:59:45.703000,Revision based on CR10901
33820,21,82,3,2020-02-13 18:29:06.557000,
33821,28,55,3,2023-12-07 16:01:25.477000,
33821,28,82,3,2023-12-07 16:01:25.477000,CMS Final Rule CMS-1780-F
33822,70,55,3,2024-10-09 17:58:34.553000,
33822,70,73,3,2024-10-09 17:58:34.553000,
33823,26,82,3,2020-02-13 14:39:15.050000,
33824,56,55,3,2025-12-31 13:40:34.273000,
33824,56,73,3,2025-12-31 13:40:34.273000,
33825,17,82,3,2020-02-13 14:39:15.287000,
33826,22,55,3,2025-12-31 13:44:39.280000,
33826,22,73,3,2025-12-31 13:44:39.280000,
33827,55,55,3,2025-12-31 13:57:29.067000,
33827,55,73,3,2025-12-31 13:57:29.067000,
33828,27,55,3,2023-12-07 16:25:33.037000,
33828,27,82,3,2023-12-07 16:25:33.037000,CMS Final Rule CMS-1780-F
33830,22,55,3,2021-03-12 14:26:36.030000,
33831,48,55,3,2024-02-08 14:03:11.307000,
33831,48,82,3,2024-02-08 14:03:11.307000,CMS Final Rule CMS-1780-F
33832,20,55,3,2026-05-05 12:58:18.903000,
33833,26,82,3,2025-03-14 11:32:41.873000,In response to Executive Order 14168
33906,75,82,3,2026-04-10 18:27:03.280000,Clarification of language and CFR references corrected
33912,23,69,3,2026-07-17 18:11:12.617000,
33912,23,82,3,2026-07-17 18:11:12.617000,reduce improper payment
33922,12,82,3,2019-11-23 00:07:50.503000,Revision based on CR10901
33923,14,72,3,2019-10-02 20:30:45.970000,
33923,14,82,3,2019-10-02 20:30:45.970000,"Revisions based on CRs 10901, 11322"
33930,49,75,3,2024-08-02 18:34:08.893000,
33933,30,82,3,2019-11-23 00:34:54.393000,Revision based on CR 10901
33937,18,82,3,2019-10-25 16:14:15.983000,Revision based on CR 10901
33941,23,72,3,2019-10-02 20:32:12.240000,
33941,23,82,3,2019-10-02 20:32:12.240000,"Revisions based on CRs 10901, 11322"
33942,50,82,3,2026-07-27 16:19:17.017000,Annual Review 
33943,24,82,3,2025-11-26 22:15:06.557000,Annual Review 
33944,27,82,3,2025-10-31 20:22:55.147000,Annual Review 
33945,21,82,3,2026-02-23 17:10:50.870000,Annual Review 
33946,17,82,3,2025-10-31 20:17:46.300000,Annual Review 
33947,25,82,3,2025-09-30 23:08:06.353000,Annual Review 
33950,38,82,3,2025-11-26 22:11:40.583000,Annual Review
33954,26,82,3,2023-12-29 17:37:07.853000,Annual Review
33958,14,82,3,2019-10-16 20:45:53.117000,Revision based on CR 10901
33959,36,82,3,2025-10-31 20:27:33.743000,Annual Review 
33960,27,82,3,2026-02-20 21:47:24.563000,Annual Review 
33966,18,72,3,2019-10-02 20:34:12.770000,
33966,18,82,3,2019-10-02 20:34:12.770000,"Revisions based on CRs 10901, 11322"
33967,25,82,3,2021-02-19 15:26:00.870000,IOM Manual change
33975,25,82,3,2021-07-02 13:38:55.270000,Revision based on CR 12254
33977,18,76,3,2019-10-25 16:34:54.560000,
33977,18,82,3,2019-10-25 16:34:54.577000,Revisions based on CR 10901
33996,33,82,3,2026-07-27 15:10:25.173000,Annual Review 
33999,21,82,3,2026-02-20 19:13:55.257000,Annual Review 
34005,34,82,3,2026-02-20 19:51:23.667000,Annual Review 
34007,48,70,3,2022-12-16 13:47:09.357000,
34008,23,82,3,2026-02-20 18:58:36.587000,Annual Review
34018,18,82,3,2021-11-05 13:37:46.070000,Revised in response to CMS CR 12079
34021,18,82,3,2019-11-21 23:47:16.613000,Revision based on CR10901
34027,14,82,3,2019-09-18 13:19:44.200000,Revisions based on CR 10901
34028,16,69,3,2021-01-29 16:02:40.830000,
34032,34,82,3,2025-09-26 21:52:28.880000,Annual Review 
34037,22,82,3,2026-02-27 17:51:57.887000,Annual Review 
34045,38,82,3,2025-10-31 20:30:42.823000,Annual Review 
34046,29,82,3,2025-07-29 14:50:20.440000,Annual Review 
34049,36,82,3,2026-05-29 14:07:15.783000,Annual Review 
34056,27,82,3,2025-09-26 21:35:32.580000,Annual Review 
34061,26,82,3,2026-07-27 14:10:46.913000,Annual Review 
34062,42,82,3,2026-02-20 19:26:54.380000,Annual Review
34063,19,82,3,2026-07-24 21:09:46.010000,Annual Review 
34064,24,82,3,2026-03-27 15:36:31.933000,Annual Review 
34081,26,82,3,2026-02-27 14:18:22.797000,Annual Review <br /><br /><br />
34082,30,82,3,2025-10-03 22:27:18.423000,Annual Review 
34084,23,82,3,2025-08-29 16:52:26.203000,Annual review
34085,18,82,3,2026-03-16 18:04:57.217000,Annual Review 
34087,20,82,3,2025-08-29 16:57:01.140000,Annual review 
34090,22,82,3,2026-03-25 17:30:22.197000,Annual Review 
34149,52,79,3,2025-10-07 13:39:17.990000,
34163,33,82,3,2025-10-27 13:34:06.500000,Change in Affiliated Contract Numbers
34171,18,82,3,2026-05-22 16:30:06.993000,Annual Review 
34175,32,82,3,2026-05-22 15:45:25.270000,Annual Review 
34181,28,82,3,2026-05-29 13:08:29.477000,Annual Review
34183,20,82,3,2026-03-27 16:15:34.417000,Annual Review 
34194,27,82,3,2025-10-08 11:52:37.150000,Change in Affiliated Contract Numbers 
34195,28,82,3,2026-04-29 14:44:48.743000,Annual Review
34196,30,82,3,2026-04-02 14:50:33.023000,Annual Review 
34200,30,82,3,2026-07-24 21:18:10.447000,Annual Review
34203,26,79,3,2025-09-02 13:55:31.843000,
34209,43,75,3,2026-05-05 19:56:41.463000,
34211,40,82,3,2025-10-14 14:10:52.567000,Change in Affiliated Contract Numbers 
34213,56,75,3,2026-02-06 15:24:26.200000,
34215,59,79,3,2025-10-27 12:14:34.157000,
34218,26,79,3,2025-09-02 13:55:32.460000,
34220,40,82,3,2025-10-14 14:09:12.890000,Change in Affiliated Contract Numbers 
34228,54,57,3,2025-11-13 22:32:18.557000,
34233,36,82,3,2025-10-14 14:08:45.337000,Change in Affiliated Contract Numbers
34246,26,82,3,2026-07-24 21:41:31.880000,Annual Review 
34313,18,72,3,2019-09-18 20:28:46.187000,
34313,18,105,3,2019-09-18 20:28:46.187000,
34314,53,79,3,2026-02-23 13:19:28.030000,
34315,41,82,3,2025-10-27 13:33:18.590000,Change in Affiliated Contract Numbers
34324,38,82,3,2025-10-08 11:53:03.793000,Change in Affiliated Contract Numbers 
34328,44,82,3,2025-10-14 14:10:28.037000,Change in Affiliated Contract Numbers 
34337,23,82,3,2025-08-29 17:12:05.280000,Annual review
34338,34,82,3,2025-09-26 21:32:46.493000,Annual Review 
34353,35,82,3,2026-05-29 20:15:48.047000,Annual Review 
34356,31,82,3,2026-02-27 15:25:21.937000,Annual Review
34372,22,82,3,2020-06-19 23:03:18.740000,Revision based on CMS directive
34380,42,81,3,2026-07-14 20:41:58.260000,
34393,24,82,3,2025-04-25 20:35:53.350000,Annual Review
34394,27,82,3,2025-09-26 21:40:04.463000,Annual Review 
34399,30,82,3,2026-05-29 13:04:34.933000,Annual Review
34410,46,55,3,2025-12-22 16:03:50.887000,
34411,46,55,3,2021-05-14 12:08:17.450000,
34413,53,55,3,2024-11-14 12:41:41.287000,
34415,58,55,3,2022-07-07 19:56:19.303000,
34417,57,55,3,2023-08-07 14:35:20.550000,
34419,43,55,3,2024-01-19 15:27:05.900000,
34424,47,55,3,2024-12-06 14:10:33.903000,
34425,43,55,3,2025-02-11 21:03:48.647000,
34426,55,55,3,2021-07-06 14:32:38.990000,
34427,100,55,3,2023-04-03 14:41:01.380000,
34428,93,55,3,2023-05-08 14:05:03.023000,
34429,63,55,3,2022-12-02 16:36:22.410000,
34429,63,82,3,2022-12-02 16:36:22.410000,"LCD revision that makes a Non-Discretionary Coverage Update - Contractors shall update LCDs to reflect changes in Statutes, Federal regulations, CMS Rulings, NCDs, HCPCS code changes for DME, coverage provisions in interpretive manuals, and payment policies."
34430,46,55,3,2021-07-16 12:59:56.857000,
34431,60,55,3,2021-08-02 19:02:20.987000,
34433,43,55,3,2024-09-06 13:36:01.303000,
34434,68,55,3,2025-05-29 13:06:54.523000,
34454,67,55,3,2024-12-13 15:31:40.087000,
34512,48,75,3,2022-06-01 14:48:13.937000,
34513,41,55,3,2023-08-01 13:30:10.580000,
34519,33,82,3,2021-12-03 13:39:17.443000,Revised due to a new related LCD.
34520,32,82,3,2020-06-19 23:06:03.347000,Revision based on CMS directive
34521,7,82,3,2019-11-21 23:42:25.600000,Revision based on CR10901
34522,29,70,3,2022-10-21 14:48:47.407000,
34526,24,82,3,2025-06-16 19:53:40.627000,Review
34528,38,82,3,2025-12-22 19:56:10.243000,
34536,36,82,3,2025-08-20 19:23:21.233000,Review
34537,45,55,3,2021-09-03 12:52:17.397000,
34538,21,82,3,2026-07-27 16:12:29.337000,Annual Review 
34539,16,82,3,2026-04-02 14:56:18.177000,Annual Review 
34540,15,82,3,2025-08-29 16:35:37.723000,Annual Review 
34541,21,82,3,2025-09-26 21:29:32.450000,Annual Review 
34544,47,55,3,2024-07-23 15:47:04.930000,
34547,40,55,3,2024-11-06 19:24:38.180000,
34548,43,55,3,2024-03-11 13:41:15.383000,
34551,36,55,3,2025-07-03 13:06:06.030000,
34552,40,55,3,2024-12-13 15:30:52.540000,
34553,47,55,3,2024-07-08 13:38:00.647000,
34554,34,55,3,2024-07-02 19:54:29.053000,
34558,40,55,3,2023-12-29 17:59:04.383000,
34559,43,55,3,2024-11-13 14:22:41.743000,
34560,76,55,3,2022-06-03 23:05:09.523000,
34561,69,55,3,2023-11-03 16:02:26.037000,
34562,45,55,3,2025-07-28 14:12:06.243000,
34563,51,55,3,2023-05-01 14:03:09.140000,
34564,83,55,3,2024-05-17 13:26:57.183000,
34565,40,55,3,2023-11-21 14:58:50.400000,
34567,43,55,3,2024-02-23 13:43:02.167000,
34570,52,55,3,2025-04-09 15:19:10.780000,
34575,43,55,3,2023-06-05 14:09:28.300000,
34576,72,55,3,2025-07-03 13:06:35.243000,
34577,64,55,3,2019-10-29 13:38:05.523000,
34578,30,55,3,2023-08-07 14:34:47.700000,
34580,57,55,3,2024-03-28 15:28:35.577000,
34594,42,82,3,2025-05-20 17:30:00.323000,Review
34596,52,82,3,2025-10-21 19:14:41.653000,Review
34614,43,82,3,2024-08-21 17:46:01.463000,Review
34615,42,82,3,2025-05-20 16:37:52.927000,Review
34616,44,82,3,2025-10-21 19:37:59.767000,Review
34623,38,82,3,2025-12-22 18:39:14.123000,(Review)
34624,42,82,3,2025-08-20 19:37:21.927000,Review
34633,54,76,3,2025-05-20 19:48:15.950000,
34633,54,82,3,2025-05-20 19:48:15.950000,
34636,38,82,3,2025-08-20 19:07:13.537000,
34641,27,82,3,2026-03-20 12:34:45.340000,grammatical changes
34645,51,82,3,2025-08-20 16:43:17.143000,
34646,26,55,3,2024-10-21 19:08:17.663000,
34648,31,82,3,2025-12-22 20:25:22.220000,
34658,36,82,3,2025-08-20 17:42:24.090000,Review
34659,32,82,3,2026-07-24 12:46:17.637000,Grammatical errors
34760,27,82,3,2025-06-17 16:52:50.327000,Review
34761,34,82,3,2025-10-21 14:56:24.373000,Review
34771,51,75,3,2026-02-20 14:31:28.660000,
34821,21,55,3,2020-02-21 19:19:45.260000,
34821,21,82,3,2020-02-21 19:19:45.260000,
34823,27,55,3,2020-02-21 14:37:48.930000,
34823,27,82,3,2020-02-21 14:37:48.930000,
34824,21,82,3,2020-02-13 15:27:43.927000,
34833,94,82,3,2020-08-07 12:16:43.957000,Non-substantive revision
34859,34,70,3,2023-10-20 14:23:10.187000,
34865,72,82,3,2020-06-19 10:56:49.040000,Revised in response to CMS direction
34869,42,55,3,2025-01-07 13:08:27.700000,
34887,53,82,3,2025-03-14 11:32:04.047000,In response to Executive Order 14168
34892,123,75,3,2024-08-02 18:33:04.583000,
34912,20,73,3,2019-10-04 16:07:01.283000,
34912,20,82,3,2019-10-04 16:07:01.283000,"CRs 10901,  and 11406, 11412, and 11451"
34914,68,82,3,2020-06-19 13:56:54.210000,Revised in response to CMS direction
34924,79,70,3,2020-11-06 12:02:23.097000,
34938,68,82,3,2019-09-20 18:03:20.640000,CMS Change Request 10901
34961,48,82,3,2019-11-08 17:28:42.810000,CMS Change Request 10901
34975,67,82,3,2019-10-11 18:19:00.907000,CMS Change Request 10901
34976,34,82,3,2021-05-21 12:52:15.303000,revisions to ensure alignment with Other Jurisdictions
34998,33,70,3,2022-10-21 14:39:59.673000,
35000,156,79,3,2026-07-16 17:21:03.800000,
35001,12,81,3,2026-07-14 20:41:58.037000,
35003,61,82,3,2019-11-08 16:55:46.670000,CMS Change Request 10901
35004,23,69,3,2021-01-29 16:01:59.333000,
35006,119,82,3,2019-10-11 18:17:50.250000,CMS Change Request 10901
35007,81,82,3,2019-10-11 18:22:46.853000,CMS Change Request 10901
35010,50,70,3,2026-07-17 18:07:09.007000,
35010,50,82,3,2026-07-17 18:07:09.007000,reduce improper payment
35013,36,82,3,2019-09-06 18:24:25.540000,Changes in response to CMS Change Request
35014,39,82,3,2019-09-19 12:49:03.653000,CMS Change Request 10901
35016,36,82,3,2019-10-11 16:55:21.533000,CMS Change Request 10901
35022,67,75,3,2021-05-07 12:09:12.713000,
35025,98,82,3,2024-08-26 19:38:13.407000,Annual review complete. No changes
35026,75,55,3,2024-11-22 16:27:52.823000,
35028,11,81,3,2026-07-14 20:41:59.160000,
35035,74,82,3,2019-11-15 16:54:26.680000,Change in LCD process per CR 10901
35038,76,82,3,2021-12-10 18:05:53.990000,Inquiry
35041,113,82,3,2019-09-20 18:02:37.757000,CMS Change Request 10901
35048,82,55,3,2024-11-08 14:49:13.640000,
35049,58,82,3,2019-10-11 16:56:43.460000,Changes in response to CMS change request
35050,55,82,3,2021-02-19 15:23:18.943000,due to a change in CMS national coverage
35062,122,82,3,2021-12-03 13:28:39.683000,to remove overlapping information due to the new Pharmacogenomics LCD becoming effective
35070,76,75,3,2020-08-06 16:33:38.560000,
35070,76,82,3,2020-08-06 16:33:38.560000,non-substantive revision to correct a typographical error
35073,51,55,3,2023-07-20 14:44:40.583000,
35074,33,81,3,2026-07-14 20:41:55.790000,
35075,35,81,3,2026-07-14 20:41:57.787000,
35076,57,81,3,2026-07-14 20:41:58.457000,
35080,54,81,3,2026-07-14 20:41:58.330000,
35081,85,70,3,2023-10-20 14:22:30.740000,
35083,108,82,3,2025-03-14 11:33:32.703000,In response to Executive Order 14168.
35089,30,82,3,2019-11-15 16:20:23.373000,CMS Change Request 10901
35090,95,82,3,2022-05-13 11:22:01.073000,Third party request
35091,103,82,3,2021-09-03 12:16:56.483000,In response to an inquiry
35092,78,82,3,2019-11-01 17:44:07.047000,CMS Change Request 10901
35093,114,70,3,2022-12-16 13:45:37.957000,
35098,28,81,3,2026-07-14 20:41:56.603000,
35099,60,82,3,2019-11-01 17:44:51.747000,CMS Change Request 10901
35101,128,82,3,2024-02-22 17:58:41.470000,New Medicare benefit for MHCs and MFTs.
35121,35,82,3,2025-10-21 15:09:08.430000,Review
35124,25,82,3,2025-10-21 14:29:31.707000,Review
35125,77,75,3,2026-04-10 13:51:01.163000,
35130,66,82,3,2021-05-21 12:53:05.017000,revisions to ensure alignment with Other Jurisdictions
35132,54,55,3,2025-04-09 15:19:57.993000,
35136,37,82,3,2025-10-08 11:56:21.613000,Change in Affiliated Contract Numbers 
35138,43,82,3,2019-10-11 16:53:44.467000,CMS Change Request 10901
35160,62,79,3,2026-01-26 13:28:20.913000,
35163,29,79,3,2025-10-07 13:39:17.880000,
35170,60,55,3,2025-12-29 17:44:10.890000,
35172,72,55,3,2025-12-29 17:45:28.280000,
35222,25,82,3,2023-11-20 13:17:47.027000,Review
35249,20,82,3,2026-04-29 14:49:33.613000,Annual Review 
35350,60,82,3,2019-10-11 18:49:35.610000,Changes in response to CMS change request.
35391,17,82,3,2019-11-08 17:33:55.577000,CMS Change Request 10901
35395,48,82,3,2019-11-08 16:26:43.600000,CMS Change Request 10901
35396,220,82,3,2025-04-17 19:29:25.190000,Information overlapping with L39365 removed
35397,64,82,3,2019-10-11 18:48:57.777000,CMS Change Request 10901
35434,30,82,3,2019-10-11 16:54:43.247000,CMS change request
35442,26,82,3,2025-08-15 16:37:32.363000,Annual Review 
35451,53,70,3,2023-12-08 14:05:44.250000,
35456,66,79,3,2026-02-23 13:19:28.330000,
35486,22,82,3,2025-09-15 19:45:36.103000,Review
35490,85,75,3,2026-02-20 14:57:45.333000,
35494,28,55,3,2024-10-21 17:57:58.093000,
35494,28,82,3,2024-10-21 17:57:58.093000,Review
35498,30,82,3,2025-10-21 19:54:57.683000,Review
35526,43,79,3,2026-02-23 13:19:27.900000,
35677,88,55,3,2024-08-01 11:47:39.010000,
35702,32,79,3,2025-10-14 13:13:56.740000,
35724,80,55,3,2025-02-11 20:33:19.263000,
35751,50,75,3,2026-02-20 14:26:35.163000,
35753,40,75,3,2026-02-20 14:22:15.957000,
35755,35,82,3,2025-12-22 20:44:30.860000,
35761,40,75,3,2026-01-22 19:28:45.590000,
35891,35,82,3,2026-03-25 17:43:27.213000,Annual Review 
35897,32,82,3,2026-04-29 15:32:00.753000,Annual Review 
35906,25,82,3,2026-04-02 15:16:46.023000,Annual Review 
35922,44,55,3,2025-03-04 17:49:50.043000,
35936,59,79,3,2026-07-16 17:15:36.340000,
35974,28,55,3,2021-10-07 21:10:52.947000,
35984,22,82,3,2025-06-11 11:59:32.980000,Annual Review
35986,38,82,3,2026-07-24 21:04:59.113000,Annual Review 
35998,36,82,3,2025-10-21 17:45:35.040000,
36000,21,82,3,2026-05-21 14:20:42.370000,Formatting changes
36007,65,82,3,2019-11-08 17:26:40.903000,CMS Change Request 10901
36021,49,82,3,2025-08-15 15:58:22.957000,Annual Review
36029,44,82,3,2026-02-27 14:09:23.167000,Annual Review 
36039,13,81,3,2026-07-14 20:41:58.643000,
36089,30,55,3,2023-07-14 17:39:29.533000,
36113,25,82,3,2026-07-02 13:10:17.867000,Annual Review
36125,40,55,3,2021-04-15 20:45:38.147000,
36129,54,55,3,2024-03-14 16:30:33.283000,
36139,31,82,3,2026-03-09 13:02:47.607000,Annual Review
36155,23,79,3,2026-01-12 13:38:59.883000,
36188,26,79,3,2026-01-12 13:39:00.227000,
36236,18,81,3,2026-07-14 20:41:54.433000,
36240,57,67,3,2024-02-09 13:57:48.667000,
36241,98,70,3,2021-05-21 14:21:28.047000,
36267,44,55,3,2026-04-08 13:59:45.157000,
36267,44,73,3,2026-04-08 13:59:45.157000,
36335,25,79,3,2026-01-26 13:28:21.573000,
36351,42,69,3,2025-09-09 16:43:28.883000,
36353,38,69,3,2025-09-09 16:45:46.583000,
36358,39,79,3,2026-01-12 13:38:59.107000,
36377,7,82,3,2019-11-21 23:58:14.330000,Revision based on CR 10901
36380,27,79,3,2026-01-12 13:38:59.297000,
36393,37,72,3,2019-10-02 19:18:06.770000,
36393,37,82,3,2019-10-02 19:18:06.783000,"Revisions based on CRs 10901, 11322, 11333"
36400,20,82,3,2025-07-21 17:22:20.943000,Review
36402,35,82,3,2024-09-17 12:04:32.313000,Review
36406,10,81,3,2026-07-14 20:41:56.400000,
36408,34,82,3,2025-09-03 19:48:22.083000,
36425,21,82,3,2026-03-09 12:46:24.147000,Annual Review 
36427,38,55,3,2021-10-22 15:53:35.433000,
36460,25,82,3,2023-12-29 17:34:29.137000,Annual Review
36464,27,55,3,2023-08-16 18:37:06.653000,
36469,24,55,3,2024-05-30 16:40:19.790000,
36485,23,82,3,2026-07-08 14:33:43.507000,Annual Review 
36499,28,82,3,2025-03-14 13:45:14.817000,In response to Executive Order 14168
36523,35,75,3,2026-02-20 14:38:33.707000,
36524,43,82,3,2025-10-14 14:10:05.133000,Change in Affiliated Contract Numbers 
36538,22,82,3,2025-10-08 11:56:53.347000,Change in Affiliated Contract Numbers 
36551,21,79,3,2026-01-12 13:38:59.967000,
36575,21,82,3,2025-10-27 13:34:29.560000,Change in Affiliated Contract Numbers
36593,37,55,3,2025-03-10 14:00:13.327000,
36658,22,82,3,2025-09-26 21:52:55.860000,Annual Review 
36665,19,55,3,2021-12-22 20:08:14.763000,
36668,45,79,3,2025-08-06 17:30:01.840000,
36675,19,82,3,2025-11-05 12:28:29.433000,Annual Review
36678,33,82,3,2025-10-27 13:33:43.893000,Change in Affiliated Contract Numbers
36690,38,82,3,2026-01-21 13:21:14.497000,Link update in bibliography
36692,27,79,3,2025-08-06 17:30:01.940000,
36702,20,82,3,2025-10-08 11:55:52.263000,Change in Affiliated Contract Numbers 
36704,23,79,3,2025-10-14 13:13:56.837000,
36715,58,82,3,2025-03-14 13:46:40.837000,In response to Executive Order 14168
36761,20,55,3,2023-07-21 14:54:35.063000,
36767,27,72,3,2019-10-02 19:08:24.057000,
36767,27,82,3,2019-10-02 19:08:24.057000,Revisions based on CR 10901
36797,22,82,3,2025-07-21 19:06:23.970000,Review
36805,27,82,3,2026-04-21 17:51:12.407000,minor formatting change
36807,45,55,3,2025-05-20 15:47:07.530000,
36811,16,82,3,2025-04-22 16:46:15.113000,Review
36831,35,81,3,2026-07-14 20:41:59.220000,
36839,23,82,3,2025-06-17 13:58:13.847000,Review
36846,21,82,3,2025-10-08 11:55:18.557000,Change in Affiliated Contract Numbers 
36850,25,81,3,2026-07-14 20:41:57.540000,
36861,25,79,3,2025-09-02 13:55:33.490000,
36864,21,82,3,2025-10-08 11:53:55.487000,Change in Affiliated Contract Numbers 
36902,16,82,3,2026-02-27 17:15:54.803000,Annual Review 
36906,20,82,3,2026-03-25 17:25:02.010000,Annual Review 
36912,30,55,3,2021-12-01 21:16:30.203000,
36920,107,82,3,2026-04-10 18:26:24.070000,Clarification of language and CFR references corrected.
36941,22,79,3,2026-01-26 13:28:21.683000,
36951,20,82,3,2025-09-26 20:51:47.760000,Annual Review 
36975,24,82,3,2026-02-20 21:44:04.573000,Annual Review 
37001,21,82,3,2025-09-15 19:53:51.267000,Review
37003,14,55,3,2023-08-23 14:54:58.377000,
37011,24,82,3,2025-12-22 19:05:02.450000,
37015,27,82,3,2025-08-20 17:20:22.487000,(review)
37022,30,55,3,2024-04-16 16:35:42.163000,
37031,35,55,3,2022-04-21 18:28:14.323000,
37033,30,55,3,2022-06-20 21:35:19.750000,
37054,22,79,3,2025-10-14 13:13:56.220000,
37066,31,82,3,2025-10-08 11:54:44.623000,Change in Affiliated Contract Numbers 
37070,26,79,3,2026-01-12 13:38:59.467000,
37086,27,79,3,2025-08-06 17:30:01.450000,
37126,22,82,3,2026-02-06 20:10:53.233000,Annual Review 
37130,21,82,3,2025-05-13 15:47:25.640000,Annual Review
37166,23,75,3,2026-04-10 13:54:26.850000,
37176,57,55,3,2024-10-11 15:38:16.277000,
37199,16,82,3,2025-10-21 17:16:50.070000,(Review)
37205,15,82,3,2023-11-20 13:24:22.917000,Review
37210,21,82,3,2026-05-21 14:14:42.793000,Grammatical changes
37216,23,82,3,2023-03-22 14:11:11.653000,Review
37228,24,82,3,2025-03-18 12:13:44.510000,
37244,39,55,3,2024-09-23 11:07:14.357000,
37244,39,70,3,2024-09-23 11:07:14.357000,
37254,16,82,3,2026-02-20 21:53:38.760000,Annual Review 
37260,27,55,3,2025-03-04 16:04:24.010000,
37264,21,55,3,2021-05-13 21:21:12.460000,
37295,22,79,3,2026-01-12 13:38:59.557000,
37299,30,79,3,2026-01-26 13:28:22.217000,
37352,25,82,3,2026-02-13 19:47:05.740000,Annual Review
37356,17,82,3,2026-04-06 13:43:28.297000,Annual Rview
37371,42,82,3,2019-11-15 16:21:01.760000,CMS Change Request 10901
37373,41,82,3,2025-10-14 14:09:39.850000,Change in Affiliated Contract Numbers 
37379,42,55,3,2025-10-17 13:31:01.203000,
37387,25,55,3,2024-12-13 15:33:56.187000,
37398,21,82,3,2019-11-21 23:55:13.177000,Revision based on CR10901
37475,18,81,3,2026-07-14 20:41:55.650000,
37502,21,82,3,2025-10-08 11:53:34.560000,Change in Affiliated Contract Numbers 
37531,20,55,3,2024-09-24 14:41:26.133000,
37531,20,66,3,2024-09-24 14:41:26.133000,
37531,20,67,3,2024-09-24 14:41:26.133000,
37531,20,70,3,2024-09-24 14:41:26.133000,
37531,20,76,3,2024-09-24 14:41:26.133000,
37535,19,81,3,2026-07-14 20:41:59.343000,
37537,20,75,3,2026-02-20 15:02:08.710000,
37539,17,82,3,2025-02-20 15:35:58.950000,Review
37547,22,79,3,2025-10-27 12:14:34.070000,
37561,20,82,3,2025-03-14 13:47:39.230000,In response to Executive Order 14168
37564,12,82,3,2019-09-27 19:49:15.947000,Revision based on CR 10901
37575,22,82,3,2026-02-27 18:49:15.033000,Annual Review 
37578,30,82,3,2026-03-27 15:11:56.860000,Annual Review 
37581,24,55,3,2025-03-04 17:49:12.670000,
37598,21,82,3,2025-11-26 22:19:52.317000,Annual Review 
37602,18,55,3,2025-12-22 16:04:45.610000,
37606,18,81,3,2026-07-14 20:41:55.727000,
37608,22,82,3,2026-07-24 20:19:33.060000,Annual Review 
37616,16,79,3,2025-09-02 13:55:32.740000,
37620,16,79,3,2025-10-14 13:13:56.413000,
37628,24,82,3,2025-10-08 11:54:18.067000,Change in Affiliated Contract Numbers 
37632,26,57,3,2021-05-04 13:40:38.277000,
37633,26,55,3,2020-08-03 18:23:41.157000,
37638,31,55,3,2024-10-15 12:12:12.230000,
37641,16,55,3,2022-06-16 20:21:39.793000,
37642,18,55,3,2024-09-27 12:15:16.417000,
37643,24,55,3,2019-11-27 20:33:35.567000,
37644,22,55,3,2022-03-03 14:41:12.540000,
37663,20,82,3,2025-04-22 17:06:53.533000,Review
37725,44,55,3,2025-06-20 14:32:21.710000,
37729,25,79,3,2025-09-02 13:55:32.973000,
37750,32,79,3,2026-01-12 13:39:00.143000,
37772,14,82,3,2023-05-23 14:35:46.800000,review
37774,15,55,3,2024-01-12 15:09:16.150000,
37779,16,55,3,2021-07-23 13:56:38.510000,
37792,16,76,3,2019-11-08 16:34:32.013000,
37794,23,55,3,2025-06-23 16:35:45.497000,
37798,13,70,3,2019-11-15 22:09:04.983000,
37800,19,67,3,2024-02-09 13:59:21.030000,
37810,26,79,3,2026-07-16 17:18:11.137000,
37822,19,79,3,2026-01-12 13:38:59.380000,
37826,28,55,3,2024-09-06 13:35:05.440000,
37832,23,82,3,2025-10-16 18:06:04.120000,Annual Review
37848,18,55,3,2024-09-06 13:40:51.080000,
37857,20,55,3,2023-06-19 15:03:38.837000,
37863,25,55,3,2023-04-10 14:16:23.270000,
37870,19,55,3,2021-10-06 13:14:45.420000,
37873,18,82,3,2026-04-07 15:21:00.230000,Annual Validation
37887,25,79,3,2026-01-12 13:38:59.640000,
37893,30,82,3,2020-11-06 12:54:16.223000,To assure beneficiary access to care.
37897,18,79,3,2026-01-12 13:39:00.060000,
37903,18,82,3,2025-06-11 12:02:30.137000,Annual Review
37905,18,82,3,2026-05-22 15:32:28.893000,Annual Review 
37913,17,75,3,2026-02-20 14:44:28.413000,
37919,12,55,3,2023-06-22 12:04:03.507000,
37921,18,82,3,2025-11-20 16:54:44.257000,Review
38014,9,81,3,2026-07-14 20:41:55.327000,
38016,21,55,3,2025-06-20 22:11:01.783000,
38018,18,82,3,2025-06-16 18:43:35.660000,Review
38026,28,55,3,2025-07-03 13:07:16.033000,
38033,13,55,3,2023-04-17 14:53:33.250000,
38043,14,55,3,2025-02-26 17:41:11.660000,
38045,17,55,3,2023-06-02 19:33:34.693000,
38047,13,55,3,2024-03-22 15:19:24.167000,
38051,17,55,3,2024-06-14 13:58:07.753000,
38065,12,82,3,2026-02-13 22:49:56.450000,Annual Review 
38067,13,82,3,2025-08-15 16:25:07.073000,Annual Review 
38070,12,82,3,2026-02-11 17:50:13.120000,Annual Review 
38111,10,82,3,2025-05-13 19:10:13.697000,Annual Review 
38119,11,79,3,2026-01-26 13:28:21.320000,
38123,12,79,3,2026-01-26 13:28:21.403000,
38151,9,79,3,2026-01-26 13:28:21.867000,
38158,9,82,3,2023-06-22 11:56:04.130000,
38168,11,82,3,2025-02-18 20:19:10.417000,Review
38176,13,75,3,2026-02-20 14:52:15.337000,
38178,11,82,3,2026-04-21 17:46:28.147000,grammatical changes
38201,25,55,3,2025-11-14 16:40:01.140000,
38211,17,82,3,2026-05-21 14:22:24.787000,Broken hyperlink corrected
38213,13,75,3,2026-07-24 12:10:55.513000,
38227,19,75,3,2023-10-20 15:35:20.110000,
38229,27,75,3,2023-10-20 15:34:40.310000,
38231,19,75,3,2020-11-13 19:08:12.100000,
38238,13,55,3,2025-06-23 16:36:20.560000,
38240,26,55,3,2024-10-31 15:43:09.650000,
38249,22,82,3,2026-04-06 13:48:15.043000,Annual Review
38268,11,82,3,2026-03-09 17:25:28.163000,Annual Review 
38274,10,55,3,2024-04-18 19:16:19.187000,
38276,12,55,3,2026-05-08 14:24:08.310000,
38278,35,55,3,2025-06-11 13:53:58.053000,
38278,35,70,3,2025-06-11 13:53:58.053000,
38284,13,82,3,2025-11-05 12:32:45.330000,Annual Review
38288,11,82,3,2026-02-19 15:30:35.713000,Annual Review
38292,17,55,3,2025-06-23 16:36:53.123000,
38294,24,55,3,2025-09-24 18:43:47.150000,
38299,26,79,3,2025-10-14 13:13:56.527000,
38303,13,82,3,2026-03-10 20:56:34.040000,Annual Review 
38307,14,82,3,2026-02-27 19:10:22.877000,Annual Review 
38310,11,82,3,2025-10-16 14:17:45.443000,Change in Affiliated Contract Numbers
38327,10,79,3,2026-01-26 13:28:22.053000,
38331,25,79,3,2026-01-12 13:38:59.213000,
38335,16,79,3,2026-02-23 13:19:28.223000,
38339,17,79,3,2026-01-26 13:28:22.320000,
38351,9,79,3,2026-01-26 13:28:22.397000,
38367,32,81,3,2026-07-14 20:41:55.580000,
38371,13,81,3,2026-07-14 20:41:56.463000,
38378,26,82,3,2026-03-25 16:54:53.823000,Annual Review 
38387,8,81,3,2026-07-14 20:41:55.893000,
38394,13,55,3,2025-10-16 18:03:54.380000,
38396,25,82,3,2025-03-14 11:34:05.520000,In response to Executive Order 14168.
38429,9,82,3,2024-04-16 13:55:51.150000,Review
38433,9,82,3,2025-06-16 18:28:30.860000,Review
38435,15,82,3,2025-09-26 20:09:30.313000,
38441,15,82,3,2024-10-21 17:41:45.103000,Review
38443,11,82,3,2025-06-16 18:52:11.190000,Review
38528,9,75,3,2026-03-20 12:54:11.100000,
38549,17,55,3,2025-10-24 13:38:14.390000,
38549,17,76,3,2025-10-24 13:38:14.390000,
38551,14,55,3,2024-12-13 15:32:20.717000,
38566,11,55,3,2025-06-24 16:20:27.890000,
38568,10,55,3,2025-06-30 16:17:13.913000,
38571,9,81,3,2026-07-14 20:41:55.130000,
38576,14,55,3,2026-04-07 14:21:45.113000,
38582,11,82,3,2026-06-08 12:29:47.260000,Annual Review
38584,15,82,3,2026-04-06 13:45:36.220000,Annual Review
38586,13,55,3,2026-05-11 17:01:50.080000,
38613,16,79,3,2026-02-23 13:19:28.417000,
38617,31,69,3,2024-06-21 15:41:00.553000,
38623,21,81,3,2026-07-14 20:41:55.960000,
38629,5,55,3,2025-07-03 13:10:46.657000,
38643,8,79,3,2026-01-26 13:28:21.783000,
38647,14,55,3,2026-04-07 14:58:48.340000,
38657,21,79,3,2025-10-14 13:13:56.320000,
38662,18,55,3,2025-11-11 21:35:36.680000,
38664,26,69,3,2024-06-21 15:42:52.497000,
38667,4,81,3,2026-07-14 20:41:55.200000,
38671,6,55,3,2025-07-03 13:11:25.293000,
38678,11,82,3,2026-06-18 15:32:47.540000,Grammatical changes
38680,7,55,3,2025-06-16 19:19:38.750000,
38682,13,82,3,2025-10-21 13:06:16.577000,Draft to Final
38684,10,75,3,2026-04-10 12:01:25.637000,
38686,18,82,3,2026-06-18 12:44:46.367000,Review
38694,12,55,3,2025-07-31 16:07:40.017000,
38705,14,79,3,2026-02-23 13:19:28.677000,
38709,5,79,3,2025-09-02 13:55:32.243000,
38712,18,75,3,2025-03-14 13:49:09.657000,
38726,17,75,3,2025-03-14 13:49:57.110000,
38737,19,55,3,2025-11-14 14:46:33.303000,
38743,15,55,3,2024-07-19 13:09:39.983000,
38745,17,55,3,2025-03-03 20:50:29.917000,
38747,9,55,3,2024-09-06 13:42:30.463000,
38765,27,55,3,2026-04-02 15:33:15.623000,
38769,14,55,3,2024-04-12 13:45:42.753000,
38769,14,76,3,2024-04-12 13:45:42.753000,
38771,18,82,3,2025-08-29 16:21:29.027000,Annual Review
38773,32,75,3,2026-07-17 14:05:41.017000,
38775,10,55,3,2024-09-06 13:43:49.253000,
38777,7,55,3,2021-12-10 23:55:48.880000,
38786,10,75,3,2025-12-08 15:29:46.233000,
38792,6,55,3,2022-05-16 15:39:57.720000,
38801,23,79,3,2026-04-06 12:13:24.880000,
38809,30,76,3,2025-09-19 13:01:43.433000,
38814,4,79,3,2026-01-26 13:28:20.820000,
38822,8,82,3,2025-10-31 20:32:17.457000,Annual Review 
38824,10,79,3,2025-09-02 13:55:32.140000,
38835,8,82,3,2025-10-21 15:50:07.880000,Review
38837,7,82,3,2025-05-20 15:30:43.103000,N/A
38839,12,82,3,2026-05-21 14:24:47.200000,Formatting and grammatical changes
38841,20,82,3,2026-05-21 14:18:59.480000,grammatical and formatting changes
38902,12,79,3,2025-09-02 13:55:33.593000,
38914,20,82,3,2022-05-13 11:23:09.247000,Third party request
38920,16,82,3,2026-07-24 21:07:43.570000,Annual Review 
38926,23,82,3,2021-09-03 12:10:12.453000,In response to an inquiry
38937,7,81,3,2026-07-14 20:41:57.663000,
38953,16,55,3,2023-12-07 16:04:15.657000,
38953,16,82,3,2023-12-07 16:04:15.657000,CMS Final Rule CMS-1780-F
38955,24,55,3,2023-12-07 15:09:12.377000,
38955,24,82,3,2023-12-07 15:09:12.377000,CMS Final Rule CMS-1780-F
38966,5,55,3,2024-04-12 21:11:52.393000,
38968,5,81,3,2026-07-14 20:41:58.577000,
38970,8,82,3,2024-04-04 12:34:55.910000,
38972,9,79,3,2026-01-26 13:28:20.710000,
38985,17,55,3,2025-06-25 14:47:05.173000,
38988,18,55,3,2025-06-25 14:46:36.973000,
38992,14,55,3,2023-01-04 17:19:20.930000,
38994,20,55,3,2026-04-08 17:34:26.137000,
38997,12,82,3,2026-03-10 20:47:00.347000,Annual Review
39001,16,79,3,2026-01-26 13:28:21.057000,
39005,9,79,3,2026-01-12 13:39:00.677000,
39015,16,55,3,2026-04-10 20:19:15.380000,
39017,10,82,3,2026-03-09 13:06:28.407000,Annual Review
39023,23,55,3,2025-02-14 16:12:20.473000,
39027,8,82,3,2026-07-30 19:02:24.087000,Change in Corporate Name
39036,24,79,3,2026-07-16 17:08:37.493000,
39038,14,82,3,2026-04-06 13:49:53.967000,Annual Review
39040,8,82,3,2026-03-20 12:27:32.867000,formatting change
39042,7,55,3,2025-06-17 13:42:36.947000,
39044,15,82,3,2026-06-18 12:41:36.010000,"Grammatical change, check Bibliography URLs."
39051,10,82,3,2024-08-22 13:03:58.183000,Draft to Final
39054,17,82,3,2026-04-21 17:58:42.723000,correct broken hyperlink
39058,17,79,3,2025-09-02 13:55:33.400000,
39068,21,82,3,2025-07-03 15:40:18.297000,Update and break hyperlink
39071,16,82,3,2025-07-03 15:40:57.563000,Update and break hyperlink
39075,15,81,3,2026-07-14 20:41:56.667000,
39082,6,82,3,2021-12-23 12:41:08.990000,Typo
39084,5,75,3,2021-12-23 12:43:47.003000,
39086,10,55,3,2022-04-25 14:58:12.697000,
39116,6,79,3,2025-10-14 13:13:56.067000,
39121,9,55,3,2023-11-06 14:32:50.713000,
39122,3,83,3,2021-09-22 16:59:29.243000,
39122,3,92,3,2021-09-22 16:59:29.243000,
39128,15,55,3,2026-07-10 19:01:55.037000,
39139,5,81,3,2026-07-14 20:41:54.283000,
39189,8,81,3,2026-07-14 20:41:56.267000,
39226,13,81,3,2026-07-14 20:41:56.530000,
39230,7,79,3,2026-01-26 13:28:21.953000,
39237,10,55,3,2025-03-03 20:52:12.337000,
39240,15,82,3,2026-05-07 19:18:49.567000,Updated hyperlink in Bibliography
39256,7,55,3,2025-03-04 16:00:50.957000,
39258,12,55,3,2025-03-03 20:51:00.360000,
39262,8,79,3,2026-01-12 13:39:00.757000,
39268,7,55,3,2024-07-16 14:41:28,
39270,8,55,3,2024-12-13 15:33:03.650000,
39276,9,82,3,2026-02-13 18:12:44.993000,Annual Review 
39284,12,82,3,2025-10-31 20:28:53.150000,Annual Review 
39297,7,81,3,2026-07-14 20:41:56.920000,
39314,12,81,3,2026-07-14 20:41:56.853000,
39356,5,82,3,2025-02-20 15:11:59.207000,
39365,149,82,3,2025-04-25 11:56:06.340000,In response to Executive Order 14168
39367,41,82,3,2025-04-25 11:57:25.243000,In response to Executive Order 14168
39373,6,79,3,2026-01-12 13:39:00.307000,
39383,13,82,3,2026-03-27 15:14:29.553000,Annual Review
39387,8,55,3,2024-10-04 14:11:48.833000,
39389,6,82,3,2026-04-06 13:35:50.633000,Annual Review
39391,9,55,3,2025-12-22 16:05:31.777000,
39396,7,79,3,2026-02-23 13:19:27.747000,
39400,8,55,3,2024-09-06 13:41:47.003000,
39402,14,55,3,2024-11-20 12:58:53.943000,
39424,6,55,3,2024-08-13 19:03:36.250000,
39427,7,82,3,2026-07-02 13:29:50.680000,Annual Review
39434,8,82,3,2026-02-27 14:07:27.587000,Annual Review 
39455,7,81,3,2026-07-14 20:41:58.190000,
39462,9,79,3,2026-02-23 13:19:28.540000,
39467,9,79,3,2026-01-12 13:39:00.500000,
39475,7,82,3,2024-12-18 13:19:37.950000,
39477,7,82,3,2024-12-18 13:28:00.857000,revision
39479,5,82,3,2025-04-22 16:18:28.270000,
39481,8,75,3,2025-08-01 11:59:42.107000,
39506,6,55,3,2026-05-11 16:58:01.900000,
39513,4,81,3,2026-07-14 20:41:54.210000,
39521,8,82,3,2026-02-19 15:06:36.877000,Annual Review 
39529,5,82,3,2025-04-22 15:46:41.790000,
39553,24,55,3,2025-12-08 15:30:20.440000,
39585,5,82,3,2026-05-22 15:21:41.033000,Annual Review 
39589,4,79,3,2026-01-12 13:39:00.410000,
39611,5,81,3,2026-07-14 20:41:58.983000,
39614,5,82,3,2026-05-21 14:12:48.800000,formatting changes
39616,5,82,3,2026-02-19 16:02:27.387000,Annual Review 
39624,5,82,3,2025-09-15 19:04:29.167000,
39642,11,79,3,2026-02-23 13:19:28.127000,
39646,7,55,3,2025-03-04 15:58:09.087000,
39650,7,82,3,2026-05-22 15:15:06.067000,Annual Review 
39656,9,55,3,2024-03-05 23:43:01.133000,
39658,5,82,3,2026-06-08 12:27:33.690000,Annual Review
39662,6,81,3,2026-07-14 20:41:58.910000,
39678,5,79,3,2026-01-12 13:39:00.593000,
39682,8,79,3,2026-01-26 13:28:21.230000,
39686,4,79,3,2026-01-12 13:38:59.727000,
39711,5,82,3,2026-06-18 12:49:46.220000,Review
39713,7,75,3,2026-01-22 19:37:48.493000,
39720,7,82,3,2026-05-21 14:09:36.897000,Grammatical changes
39726,4,81,3,2026-07-14 20:41:56.083000,
39741,8,75,3,2025-01-29 16:17:57.387000,
39758,14,79,3,2025-09-02 13:55:32.020000,
39770,15,55,3,2026-07-16 15:31:55.143000,
39773,7,75,3,2025-01-10 13:08:57.770000,
39780,5,75,3,2025-12-08 15:29:15.367000,
39788,11,82,3,2026-05-21 14:16:47.827000,formatting and grammatical changes
39793,47,75,3,2025-03-07 18:20:14.413000,
39797,13,75,3,2025-06-12 16:21:10.700000,
39799,16,75,3,2025-03-07 18:21:23.887000,
39802,8,75,3,2025-05-09 14:59:41.120000,
39810,13,79,3,2025-10-14 13:13:56.633000,
39832,15,55,3,2026-07-15 21:49:53.810000,
39835,10,83,3,2024-05-20 14:26:26.980000,
39835,10,98,3,2024-05-20 14:26:26.980000,
39836,8,55,3,2026-01-20 13:11:44.390000,
39840,14,57,3,2025-02-14 16:03:38.990000,
39851,15,55,3,2025-03-04 17:47:59.543000,
39856,3,83,3,2024-05-23 12:33:41.447000,
39857,7,82,3,2026-01-21 13:20:14.447000,Updated bibliography link #224.
39858,4,83,3,2024-05-23 22:41:27.757000,
39858,4,97,3,2024-05-23 22:41:27.757000,
39859,4,83,3,2024-05-23 22:48:20.247000,
39859,4,97,3,2024-05-23 22:48:20.247000,
39863,10,81,3,2026-07-14 20:41:54.357000,
39881,9,79,3,2025-10-07 13:39:17.767000,
39905,5,75,3,2026-07-24 11:43:52.023000,
39908,2,83,3,2024-05-21 16:44:27.257000,
39908,2,98,3,2024-05-21 16:44:27.257000,
39909,6,82,3,2026-03-26 12:05:36.483000,formatting change
39911,7,82,3,2025-02-20 14:40:32.190000,
39913,7,82,3,2025-02-20 17:26:59.090000,
39923,14,79,3,2026-01-26 13:28:21.487000,
39936,14,104,3,2025-07-18 18:00:15.330000,Request for Coverage by national orthotic and prosthetic trade association
39938,5,82,3,2026-06-19 12:24:50.567000,Annual Review
39940,10,82,3,2026-03-10 20:52:23.950000,Annual Review
39944,7,79,3,2026-01-12 13:38:59.807000,
39948,7,79,3,2026-01-26 13:28:21.140000,
39956,5,55,3,2025-01-24 20:08:23.557000,
39960,4,79,3,2025-09-02 13:55:32.563000,
39995,6,81,3,2026-07-14 20:41:57.597000,
40000,4,82,3,2026-06-08 12:24:21.137000,Annual Review
40025,8,104,3,2024-10-04 15:28:14.480000,Reconsideration Request
40037,4,104,3,2025-01-31 15:44:59.103000,Consolidation of Part A and Part B LCDs
40048,6,81,3,2026-07-14 20:41:54.140000,
40050,6,79,3,2025-10-27 12:14:33.963000,
40057,9,83,3,2025-07-09 18:51:35.543000,
40059,8,83,3,2025-07-11 15:13:41.730000,
40061,7,83,3,2025-07-11 15:15:07.333000,
40139,7,83,3,2025-07-10 11:34:44.600000,
40141,4,104,3,2025-07-09 19:32:41.557000,LCD request from laboratory.
40143,8,104,3,2025-07-11 15:04:29.227000,LCD request from laboratory. 
40167,12,83,3,2025-05-09 11:28:11.350000,
40168,9,81,3,2026-07-14 20:41:58.520000,
40173,4,85,3,2025-05-06 21:56:49.007000,
40174,4,85,3,2025-05-06 21:58:06.270000,
40175,4,83,3,2025-05-08 12:24:18.277000,
40176,7,55,3,2026-03-10 19:50:49.593000,
40178,3,83,3,2025-05-09 13:51:19.840000,
40179,7,82,3,2026-04-17 20:39:32.633000,Added bibliography details
40183,9,83,3,2025-05-06 15:02:26.367000,
40184,7,83,3,2025-05-26 03:19:30.677000,
40185,7,83,3,2025-05-26 03:20:00.950000,
40186,8,104,3,2025-08-18 19:42:53.557000,LCD requests from laboratory and manufacturer
40188,6,83,3,2025-05-08 21:09:52.383000,
40189,10,55,3,2026-03-11 13:49:07.060000,
40192,3,83,3,2025-05-09 14:53:37.840000,
40193,9,82,3,2026-03-12 16:59:47.213000,Provider qualifications language
40194,3,83,3,2025-05-19 19:49:46.960000,
40194,3,98,3,2025-05-19 19:49:46.960000,
40195,3,83,3,2025-05-20 15:03:31.593000,
40195,3,98,3,2025-05-20 15:03:31.593000,
40196,4,104,3,2025-08-22 14:18:16.593000,LCD requests from laboratory and manufacturer
40198,5,83,3,2025-08-21 18:34:05.767000,
40204,9,83,3,2025-09-19 13:51:47.743000,
40208,6,94,3,2025-07-17 15:15:53.897000,
40209,8,104,3,2025-08-18 19:54:50.773000,LCD Request from Laboratory
40221,4,104,3,2025-08-22 13:36:19.783000,LCD Request from Laboratory
40223,5,83,3,2025-09-18 15:24:43.440000,
40225,6,83,3,2025-08-21 18:33:31.513000,
40227,5,83,3,2025-09-19 13:54:55.070000,
40231,6,83,3,2025-09-18 15:29:00.543000,
40237,6,83,3,2025-08-18 19:44:18.347000,
40241,4,83,3,2025-08-22 13:57:58.593000,
40243,17,83,3,2025-09-17 13:37:27.020000,
40245,3,83,3,2025-07-10 11:33:17.540000,
40247,8,94,3,2025-07-18 14:17:34.227000,
40248,2,83,3,2025-07-11 18:19:08.083000,
40250,2,104,3,2025-07-11 19:45:36.733000,LCD request from laboratory
40254,6,83,3,2025-09-19 13:28:02.727000,
40256,6,83,3,2025-09-19 13:57:05.413000,
40258,4,83,3,2025-08-21 18:32:38.857000,
40260,5,83,3,2025-09-17 13:36:29.543000,
40262,8,83,3,2025-09-19 13:55:38.357000,
40264,7,83,3,2025-09-16 18:37:32.587000,
40266,5,83,3,2025-09-18 15:06:53.883000,
40268,6,83,3,2025-09-18 15:48:42.950000,
40269,12,104,3,2025-08-22 15:23:34.807000,1. DME MAC initiated request for coverage of hypertonic saline and 2. Manufacturer request for coverage of ensifentrine
40270,19,104,3,2025-08-22 13:24:09.327000,"1. DME MAC initiated request to add HCPCS codes A4295, A4296 and A4297, and updated description for HCPCS codes A4351 and A4352<br />2. Manufacturer/supplier request for coverage of sterile catheter kits (A4353) used for beneficiaries who are immunosuppressed due to a spinal cord injury"
40271,3,104,3,2025-08-20 18:51:42.397000,LCD requests from laboratory and manufacturer
40273,5,83,3,2025-09-15 15:15:58.710000,
40275,8,97,3,2025-09-05 17:10:07.393000,
40277,4,104,3,2025-09-15 16:24:50.377000,LCD Request from Laboratory
40279,6,83,3,2025-09-18 18:59:41.563000,
40288,7,97,3,2025-09-05 17:21:31.423000,
40299,2,83,3,2025-09-16 17:27:08.407000,
40301,7,83,3,2026-01-08 13:45:42.627000,
40301,7,95,3,2026-01-08 13:45:42.627000,
40301,7,98,3,2026-01-08 13:45:42.627000,
40302,3,79,3,2026-07-16 17:29:54.040000,
40310,20,97,3,2026-02-13 18:42:59.233000,
40314,11,97,3,2026-02-13 18:46:16.360000,
40323,7,83,3,2026-01-09 13:41:37.933000,
40325,4,83,3,2026-01-26 17:00:39.933000,
40327,4,83,3,2026-01-09 14:57:58.747000,
40329,5,83,3,2026-01-08 15:35:24.873000,
40329,5,98,3,2026-01-08 15:35:24.873000,
40331,7,83,3,2026-01-16 23:46:36.803000,
40333,7,83,3,2026-01-08 19:46:08.127000,
40334,3,79,3,2026-07-16 17:12:48.667000,
40340,3,83,3,2026-01-22 17:43:46.440000,
40342,2,97,3,2026-01-22 19:15:31.210000,
40344,12,104,3,2026-02-13 15:44:41.413000,"DME MAC initiated request, establishing a not reasonable and necessary determination for Group 2 PWCs with seat elevation systems [K0830 and K0831]"
40345,10,104,3,2026-02-13 15:47:50.987000,"DME MAC initiated request, 1. establishing a not reasonable and necessary determination for the use of seat elevation added onto non-complex power wheelchairs and 2. clarifying power tilt and/or recline seating system coverage information"
40350,15,83,3,2026-03-27 15:43:05.100000,
40351,3,83,3,2026-03-27 15:34:37.737000,
40352,6,83,3,2026-03-27 13:55:55.917000,
40353,6,83,3,2026-03-27 13:29:05.860000,
40354,4,83,3,2026-03-27 13:44:45.497000,
40355,8,83,3,2026-05-14 15:29:14.913000,
40357,4,83,3,2026-03-27 13:00:59.497000,
40358,4,83,3,2026-05-11 15:24:48.647000,
40362,4,83,3,2026-05-14 12:33:03.183000,
40366,3,98,3,2026-05-14 14:31:17.133000,
40376,6,83,3,2026-04-16 12:05:19.977000,
40377,27,104,3,2026-05-08 16:25:31.127000,Reconsideration Request
40379,8,104,3,2026-05-08 16:28:39.737000,Reconsideration Request
40381,4,83,3,2026-03-27 13:41:02.557000,
40384,5,83,3,2026-05-14 19:57:37.927000,
40386,6,83,3,2026-05-12 00:01:23.950000,
40391,25,98,3,2026-07-02 16:09:52.680000,
40402,7,104,3,2026-07-16 20:19:10.730000,Request for Coverage by a Manufacturer
40403,11,104,3,2026-07-16 20:38:16.477000,1. Request for Coverage by a Manufacturer<br />2. Request for Coverage by a Group of Wound Care Specialists
40404,7,98,3,2026-07-02 16:10:20.993000,
